uncertainty_id,subject_id,category,statement,resolution_status,source_id,confidence,notes
UNC-001,PROJECT,spatial_frame,"The county frame is an analytical Western Basin core frame, not a canonical jurisdiction, watershed polygon, or mutually exclusive regional identity.",open,s11a_tiger_counties,high,Do not present the frame as the Western Basin's only valid boundary.
UNC-002,PROJECT,vintage,"No single complete 2026 Census exists; 2020 enumeration, 2024 PEP, and 2024 ACS 5-year estimates are combined with their actual periods preserved.",qualified,s11a_pep_county_2024,high,Older products are not relabeled as observed 2026 values.
UNC-003,PROJECT,scale,"County and place values do not represent block, tract, neighborhood, or household-level distributions.",open,s11a_tiger_counties,high,No small-area inference is made from county/place records.
UNC-004,PROJECT,household_person_unit,"Household, housing-unit, and person counts are distinct and are not converted into one another without an explicit source-derived metric.",qualified,s11a_acs_2024_5yr,high,No household-level profiles are created.
UNC-005,PROJECT,growth_interpretation,"PEP change indicates estimated change in resident population, not why people moved and not a causal migration explanation.",open,s11a_pep_county_2024,high,Migration causation is outside this phase.
UNC-006,PROJECT,employment_scale,"LODES job and worker values are aggregated administrative/modelled tabulations; they are not individual workers, employers, or exact workplace addresses.",qualified,s11b_lodes_oh_wac,high,County aggregation is used for system interfaces.
UNC-007,PROJECT,utility_assignment,"Population presence does not assign each resident to a drinking-water, wastewater, electricity, or heating service territory.",open,phase10_s03_toledo_treatment,high,Exact service territories require separate authoritative data.
UNC-008,PROJECT,existing_hold,Great Black Swamp remains C — HOLD / noncanonical and is not used as a population boundary.,open,phase6_ecology_context,high,No historical geometry is canonicalized.
UNC-009,PROJECT,existing_hold,The Toledo intake-coordinate discrepancy remains unresolved and is not resolved by population or service analysis.,open,phase10_s03_toledo_treatment,high,No intake coordinate is selected by this phase.
