MapDate,FIPS,County,State,None,D0,D1,D2,D3,D4,ValidStart,ValidEnd,StatisticFormatID
20260825,39095,Lucas County,OH,100.00,0.00,0.00,0.00,0.00,0.00,2026-08-25,2026-08-31,1
20260818,39095,Lucas County,OH,100.00,0.00,0.00,0.00,0.00,0.00,2026-08-18,2026-08-24,1
20260811,39095,Lucas County,OH,100.00,0.00,0.00,0.00,0.00,0.00,2026-08-11,2026-08-17,1
20260804,39095,Lucas County,OH,88.05,11.95,0.00,0.00,0.00,0.00,2026-08-04,2026-08-10,1
20260728,39095,Lucas County,OH,88.05,11.95,0.00,0.00,0.00,0.00,2026-07-28,2026-08-03,1
20260721,39095,Lucas County,OH,100.00,0.00,0.00,0.00,0.00,0.00,2026-07-21,2026-07-27,1
20260714,39095,Lucas County,OH,100.00,0.00,0.00,0.00,0.00,0.00,2026-07-14,2026-07-20,1
20260707,39095,Lucas County,OH,100.00,0.00,0.00,0.00,0.00,0.00,2026-07-07,2026-07-13,1
20260630,39095,Lucas County,OH,100.00,0.00,0.00,0.00,0.00,0.00,2026-06-30,2026-07-06,1
20260623,39095,Lucas County,OH,100.00,0.00,0.00,0.00,0.00,0.00,2026-06-23,2026-06-29,1
20260616,39095,Lucas County,OH,100.00,0.00,0.00,0.00,0.00,0.00,2026-06-16,2026-06-22,1
20260609,39095,Lucas County,OH,100.00,0.00,0.00,0.00,0.00,0.00,2026-06-09,2026-06-15,1
20260602,39095,Lucas County,OH,100.00,0.00,0.00,0.00,0.00,0.00,2026-06-02,2026-06-08,1
20260526,39095,Lucas County,OH,100.00,0.00,0.00,0.00,0.00,0.00,2026-05-26,2026-06-01,1
20260519,39095,Lucas County,OH,100.00,0.00,0.00,0.00,0.00,0.00,2026-05-19,2026-05-25,1
20260512,39095,Lucas County,OH,100.00,0.00,0.00,0.00,0.00,0.00,2026-05-12,2026-05-18,1
20260505,39095,Lucas County,OH,100.00,0.00,0.00,0.00,0.00,0.00,2026-05-05,2026-05-11,1
20260428,39095,Lucas County,OH,100.00,0.00,0.00,0.00,0.00,0.00,2026-04-28,2026-05-04,1
20260421,39095,Lucas County,OH,100.00,0.00,0.00,0.00,0.00,0.00,2026-04-21,2026-04-27,1
20260414,39095,Lucas County,OH,100.00,0.00,0.00,0.00,0.00,0.00,2026-04-14,2026-04-20,1
20260407,39095,Lucas County,OH,100.00,0.00,0.00,0.00,0.00,0.00,2026-04-07,2026-04-13,1
20260331,39095,Lucas County,OH,0.00,100.00,3.71,0.00,0.00,0.00,2026-03-31,2026-04-06,1
20260324,39095,Lucas County,OH,0.00,100.00,62.83,2.64,0.00,0.00,2026-03-24,2026-03-30,1
20260317,39095,Lucas County,OH,0.00,100.00,98.48,50.40,0.00,0.00,2026-03-17,2026-03-23,1
20260310,39095,Lucas County,OH,0.00,100.00,100.00,98.31,50.40,0.00,2026-03-10,2026-03-16,1
20260303,39095,Lucas County,OH,0.00,100.00,100.00,98.31,50.40,0.00,2026-03-03,2026-03-09,1
20260224,39095,Lucas County,OH,0.00,100.00,100.00,98.31,50.40,0.00,2026-02-24,2026-03-02,1
20260217,39095,Lucas County,OH,0.00,100.00,100.00,98.31,50.40,0.00,2026-02-17,2026-02-23,1
20260210,39095,Lucas County,OH,0.00,100.00,100.00,98.31,50.40,0.00,2026-02-10,2026-02-16,1
20260203,39095,Lucas County,OH,0.00,100.00,100.00,98.31,50.40,0.00,2026-02-03,2026-02-09,1
20260127,39095,Lucas County,OH,0.00,100.00,100.00,98.31,50.40,0.00,2026-01-27,2026-02-02,1
20260120,39095,Lucas County,OH,0.00,100.00,100.00,98.31,50.40,0.00,2026-01-20,2026-01-26,1
20260113,39095,Lucas County,OH,0.00,100.00,100.00,98.31,50.40,0.00,2026-01-13,2026-01-19,1
20260106,39095,Lucas County,OH,0.00,100.00,100.00,98.31,50.40,0.00,2026-01-06,2026-01-12,1
20251230,39095,Lucas County,OH,0.00,100.00,100.00,98.31,50.40,0.00,2025-12-30,2026-01-05,1
20251223,39095,Lucas County,OH,0.00,100.00,100.00,98.31,50.54,0.00,2025-12-23,2025-12-29,1
20251216,39095,Lucas County,OH,0.00,100.00,100.00,98.31,50.54,0.00,2025-12-16,2025-12-22,1
20251209,39095,Lucas County,OH,0.00,100.00,100.00,98.31,50.54,0.00,2025-12-09,2025-12-15,1
20251202,39095,Lucas County,OH,0.00,100.00,100.00,98.31,50.54,0.00,2025-12-02,2025-12-08,1
20251125,39095,Lucas County,OH,0.00,100.00,100.00,98.31,50.54,0.00,2025-11-25,2025-12-01,1
20251118,39095,Lucas County,OH,0.00,100.00,100.00,98.31,50.54,0.00,2025-11-18,2025-11-24,1
20251111,39095,Lucas County,OH,0.00,100.00,100.00,98.31,50.54,0.00,2025-11-11,2025-11-17,1
20251104,39095,Lucas County,OH,0.00,100.00,100.00,98.31,50.54,0.00,2025-11-04,2025-11-10,1
20251028,39095,Lucas County,OH,0.00,100.00,100.00,98.31,50.54,0.00,2025-10-28,2025-11-03,1
20251021,39095,Lucas County,OH,0.00,100.00,100.00,93.96,44.63,0.00,2025-10-21,2025-10-27,1
20251014,39095,Lucas County,OH,0.00,100.00,100.00,93.96,44.63,0.00,2025-10-14,2025-10-20,1
20251007,39095,Lucas County,OH,0.00,100.00,100.00,55.60,23.19,0.00,2025-10-07,2025-10-13,1
20250930,39095,Lucas County,OH,0.00,100.00,100.00,55.60,0.00,0.00,2025-09-30,2025-10-06,1
20250923,39095,Lucas County,OH,0.00,100.00,100.00,81.93,0.00,0.00,2025-09-23,2025-09-29,1
20250916,39095,Lucas County,OH,0.00,100.00,100.00,27.55,0.00,0.00,2025-09-16,2025-09-22,1
20250909,39095,Lucas County,OH,0.00,100.00,41.27,0.00,0.00,0.00,2025-09-09,2025-09-15,1
20250902,39095,Lucas County,OH,0.00,100.00,22.03,0.00,0.00,0.00,2025-09-02,2025-09-08,1
20250826,39095,Lucas County,OH,42.53,57.47,8.86,0.00,0.00,0.00,2025-08-26,2025-09-01,1
20250819,39095,Lucas County,OH,59.09,40.91,0.00,0.00,0.00,0.00,2025-08-19,2025-08-25,1
20250812,39095,Lucas County,OH,100.00,0.00,0.00,0.00,0.00,0.00,2025-08-12,2025-08-18,1
20250805,39095,Lucas County,OH,100.00,0.00,0.00,0.00,0.00,0.00,2025-08-05,2025-08-11,1
20250729,39095,Lucas County,OH,100.00,0.00,0.00,0.00,0.00,0.00,2025-07-29,2025-08-04,1
20250722,39095,Lucas County,OH,100.00,0.00,0.00,0.00,0.00,0.00,2025-07-22,2025-07-28,1
20250715,39095,Lucas County,OH,100.00,0.00,0.00,0.00,0.00,0.00,2025-07-15,2025-07-21,1
20250708,39095,Lucas County,OH,100.00,0.00,0.00,0.00,0.00,0.00,2025-07-08,2025-07-14,1
20250701,39095,Lucas County,OH,100.00,0.00,0.00,0.00,0.00,0.00,2025-07-01,2025-07-07,1
20250624,39095,Lucas County,OH,100.00,0.00,0.00,0.00,0.00,0.00,2025-06-24,2025-06-30,1
20250617,39095,Lucas County,OH,100.00,0.00,0.00,0.00,0.00,0.00,2025-06-17,2025-06-23,1
20250610,39095,Lucas County,OH,100.00,0.00,0.00,0.00,0.00,0.00,2025-06-10,2025-06-16,1
20250603,39095,Lucas County,OH,100.00,0.00,0.00,0.00,0.00,0.00,2025-06-03,2025-06-09,1
20250527,39095,Lucas County,OH,100.00,0.00,0.00,0.00,0.00,0.00,2025-05-27,2025-06-02,1
20250520,39095,Lucas County,OH,100.00,0.00,0.00,0.00,0.00,0.00,2025-05-20,2025-05-26,1
20250513,39095,Lucas County,OH,100.00,0.00,0.00,0.00,0.00,0.00,2025-05-13,2025-05-19,1
20250506,39095,Lucas County,OH,100.00,0.00,0.00,0.00,0.00,0.00,2025-05-06,2025-05-12,1
20250429,39095,Lucas County,OH,100.00,0.00,0.00,0.00,0.00,0.00,2025-04-29,2025-05-05,1
20250422,39095,Lucas County,OH,100.00,0.00,0.00,0.00,0.00,0.00,2025-04-22,2025-04-28,1
20250415,39095,Lucas County,OH,100.00,0.00,0.00,0.00,0.00,0.00,2025-04-15,2025-04-21,1
20250408,39095,Lucas County,OH,100.00,0.00,0.00,0.00,0.00,0.00,2025-04-08,2025-04-14,1
20250401,39095,Lucas County,OH,0.00,100.00,0.00,0.00,0.00,0.00,2025-04-01,2025-04-07,1
20250325,39095,Lucas County,OH,0.00,100.00,0.00,0.00,0.00,0.00,2025-03-25,2025-03-31,1
20250318,39095,Lucas County,OH,0.00,100.00,0.00,0.00,0.00,0.00,2025-03-18,2025-03-24,1
20250311,39095,Lucas County,OH,0.00,100.00,0.00,0.00,0.00,0.00,2025-03-11,2025-03-17,1
20250304,39095,Lucas County,OH,16.62,83.38,0.00,0.00,0.00,0.00,2025-03-04,2025-03-10,1
20250225,39095,Lucas County,OH,16.62,83.38,0.00,0.00,0.00,0.00,2025-02-25,2025-03-03,1
20250218,39095,Lucas County,OH,16.62,83.38,0.00,0.00,0.00,0.00,2025-02-18,2025-02-24,1
20250211,39095,Lucas County,OH,16.62,83.38,0.00,0.00,0.00,0.00,2025-02-11,2025-02-17,1
20250204,39095,Lucas County,OH,16.62,83.38,0.00,0.00,0.00,0.00,2025-02-04,2025-02-10,1
20250128,39095,Lucas County,OH,16.62,83.38,0.00,0.00,0.00,0.00,2025-01-28,2025-02-03,1
20250121,39095,Lucas County,OH,16.62,83.38,0.00,0.00,0.00,0.00,2025-01-21,2025-01-27,1
20250114,39095,Lucas County,OH,16.62,83.38,0.00,0.00,0.00,0.00,2025-01-14,2025-01-20,1
20250107,39095,Lucas County,OH,16.62,83.38,0.00,0.00,0.00,0.00,2025-01-07,2025-01-13,1
20241231,39095,Lucas County,OH,0.00,100.00,0.00,0.00,0.00,0.00,2024-12-31,2025-01-06,1
