state_id,scenario_id,scenario,horizon,archetype,baseline_response_interfaces,healthcare_public_health_capacity,response_coordination_state,response_latency_margin,intervention_interface,infrastructure_dependency_state,response_boundary,current_fact,scenario_assumption,scenario_consequence,assumption_id,source_or_basis,plausibility,uncertainty,reality_status,canon_status,relationship_basis,notes
IDFR-A2050-vectorborne,A2050,Coordinated Prevention & Detection,2050,vector-borne,SUR-003;REF-4;REF-10,"healthcare and public-health response capacity is stronger in selected interfaces, with clearer laboratory, care, and environmental-health handoffs","coordination is more connected across public health, healthcare, laboratories, environmental programs, and relevant operators",response margin is wider in priority interfaces,"vector-borne prevention, investigation, care, and communication interfaces are better aligned without assuming elimination","selected energy, communications, treatment, cold-chain, laboratory, and facility dependencies are buffered. Response capacity is not absence of disease; response strain is not prevalence, incidence, or disease burden.","Response capacity is not absence of disease, and a response interface is not a prevalence or burden measure.","CURRENT FACT (2026 baseline): Phase 13A/13B identify care, laboratory, public-health, governance, and infrastructure interfaces for vector-borne; effectiveness is not measured.","SCENARIO ASSUMPTION: Public-health and healthcare actors use clearer detection-to-response handoffs, surge planning, and infection-control coordination that are emerging and selective in selected systems; response capacity is not disease absence. 2050 is an intermediate trajectory in which coordinated prevention, detection, and response links are emerging in selected systems.","SCENARIO CONSEQUENCE: 2050 is an intermediate trajectory in which coordinated prevention, detection, and response links are emerging in selected systems. Response coordination and margin change qualitatively; no incidence, case, outbreak, or health-outcome forecast is made.",IDFA-A2050-04,phase10_coordination_context,moderate,moderate,fictional,scenario,scenario_assumption,Healthcare/public-health response is modeled as coordination and capacity interface only; system strain does not imply prevalence.
IDFR-A2050-waterborneenvironmental,A2050,Coordinated Prevention & Detection,2050,waterborne/environmental,SUR-004;SUR-005;REF-4;REF-10,"healthcare and public-health response capacity is stronger in selected interfaces, with clearer laboratory, care, and environmental-health handoffs","coordination is more connected across public health, healthcare, laboratories, environmental programs, and relevant operators",response margin is wider in priority interfaces,"waterborne/environmental prevention, investigation, care, and communication interfaces are better aligned without assuming elimination","selected energy, communications, treatment, cold-chain, laboratory, and facility dependencies are buffered. Response capacity is not absence of disease; response strain is not prevalence, incidence, or disease burden.","Response capacity is not absence of disease, and a response interface is not a prevalence or burden measure.","CURRENT FACT (2026 baseline): Phase 13A/13B identify care, laboratory, public-health, governance, and infrastructure interfaces for waterborne/environmental; effectiveness is not measured.","SCENARIO ASSUMPTION: Public-health and healthcare actors use clearer detection-to-response handoffs, surge planning, and infection-control coordination that are emerging and selective in selected systems; response capacity is not disease absence. 2050 is an intermediate trajectory in which coordinated prevention, detection, and response links are emerging in selected systems.","SCENARIO CONSEQUENCE: 2050 is an intermediate trajectory in which coordinated prevention, detection, and response links are emerging in selected systems. Response coordination and margin change qualitatively; no incidence, case, outbreak, or health-outcome forecast is made.",IDFA-A2050-04,phase10_coordination_context,moderate,moderate,fictional,scenario,scenario_assumption,Healthcare/public-health response is modeled as coordination and capacity interface only; system strain does not imply prevalence.
IDFR-A2050-foodborneenteric,A2050,Coordinated Prevention & Detection,2050,foodborne/enteric,SUR-006;SUR-007;SUR-005;REF-10,"healthcare and public-health response capacity is stronger in selected interfaces, with clearer laboratory, care, and environmental-health handoffs","coordination is more connected across public health, healthcare, laboratories, environmental programs, and relevant operators",response margin is wider in priority interfaces,"foodborne/enteric prevention, investigation, care, and communication interfaces are better aligned without assuming elimination","selected energy, communications, treatment, cold-chain, laboratory, and facility dependencies are buffered. Response capacity is not absence of disease; response strain is not prevalence, incidence, or disease burden.","Response capacity is not absence of disease, and a response interface is not a prevalence or burden measure.","CURRENT FACT (2026 baseline): Phase 13A/13B identify care, laboratory, public-health, governance, and infrastructure interfaces for foodborne/enteric; effectiveness is not measured.","SCENARIO ASSUMPTION: Public-health and healthcare actors use clearer detection-to-response handoffs, surge planning, and infection-control coordination that are emerging and selective in selected systems; response capacity is not disease absence. 2050 is an intermediate trajectory in which coordinated prevention, detection, and response links are emerging in selected systems.","SCENARIO CONSEQUENCE: 2050 is an intermediate trajectory in which coordinated prevention, detection, and response links are emerging in selected systems. Response coordination and margin change qualitatively; no incidence, case, outbreak, or health-outcome forecast is made.",IDFA-A2050-04,phase10_coordination_context,moderate,moderate,fictional,scenario,scenario_assumption,Healthcare/public-health response is modeled as coordination and capacity interface only; system strain does not imply prevalence.
IDFR-A2050-respiratory,A2050,Coordinated Prevention & Detection,2050,respiratory,SUR-008;SUR-009;REF-4;REF-10,"healthcare and public-health response capacity is stronger in selected interfaces, with clearer laboratory, care, and environmental-health handoffs","coordination is more connected across public health, healthcare, laboratories, environmental programs, and relevant operators",response margin is wider in priority interfaces,"respiratory prevention, investigation, care, and communication interfaces are better aligned without assuming elimination","selected energy, communications, treatment, cold-chain, laboratory, and facility dependencies are buffered. Response capacity is not absence of disease; response strain is not prevalence, incidence, or disease burden.","Response capacity is not absence of disease, and a response interface is not a prevalence or burden measure.","CURRENT FACT (2026 baseline): Phase 13A/13B identify care, laboratory, public-health, governance, and infrastructure interfaces for respiratory; effectiveness is not measured.","SCENARIO ASSUMPTION: Public-health and healthcare actors use clearer detection-to-response handoffs, surge planning, and infection-control coordination that are emerging and selective in selected systems; response capacity is not disease absence. 2050 is an intermediate trajectory in which coordinated prevention, detection, and response links are emerging in selected systems.","SCENARIO CONSEQUENCE: 2050 is an intermediate trajectory in which coordinated prevention, detection, and response links are emerging in selected systems. Response coordination and margin change qualitatively; no incidence, case, outbreak, or health-outcome forecast is made.",IDFA-A2050-04,phase10_coordination_context,moderate,moderate,fictional,scenario,scenario_assumption,Healthcare/public-health response is modeled as coordination and capacity interface only; system strain does not imply prevalence.
IDFR-A2050-zoonotic,A2050,Coordinated Prevention & Detection,2050,zoonotic,SUR-010;REF-4;REF-10,"healthcare and public-health response capacity is stronger in selected interfaces, with clearer laboratory, care, and environmental-health handoffs","coordination is more connected across public health, healthcare, laboratories, environmental programs, and relevant operators",response margin is wider in priority interfaces,"zoonotic prevention, investigation, care, and communication interfaces are better aligned without assuming elimination","selected energy, communications, treatment, cold-chain, laboratory, and facility dependencies are buffered. Response capacity is not absence of disease; response strain is not prevalence, incidence, or disease burden.","Response capacity is not absence of disease, and a response interface is not a prevalence or burden measure.","CURRENT FACT (2026 baseline): Phase 13A/13B identify care, laboratory, public-health, governance, and infrastructure interfaces for zoonotic; effectiveness is not measured.","SCENARIO ASSUMPTION: Public-health and healthcare actors use clearer detection-to-response handoffs, surge planning, and infection-control coordination that are emerging and selective in selected systems; response capacity is not disease absence. 2050 is an intermediate trajectory in which coordinated prevention, detection, and response links are emerging in selected systems.","SCENARIO CONSEQUENCE: 2050 is an intermediate trajectory in which coordinated prevention, detection, and response links are emerging in selected systems. Response coordination and margin change qualitatively; no incidence, case, outbreak, or health-outcome forecast is made.",IDFA-A2050-04,phase10_coordination_context,moderate,moderate,fictional,scenario,scenario_assumption,Healthcare/public-health response is modeled as coordination and capacity interface only; system strain does not imply prevalence.
IDFR-A2050-healthcareAMR,A2050,Coordinated Prevention & Detection,2050,healthcare/AMR,SUR-011;SUR-012;INST-001;REF-10,"healthcare and public-health response capacity is stronger in selected interfaces, with clearer laboratory, care, and environmental-health handoffs","coordination is more connected across public health, healthcare, laboratories, environmental programs, and relevant operators",response margin is wider in priority interfaces,"healthcare/AMR prevention, investigation, care, and communication interfaces are better aligned without assuming elimination","selected energy, communications, treatment, cold-chain, laboratory, and facility dependencies are buffered. Response capacity is not absence of disease; response strain is not prevalence, incidence, or disease burden.","Response capacity is not absence of disease, and a response interface is not a prevalence or burden measure.","CURRENT FACT (2026 baseline): Phase 13A/13B identify care, laboratory, public-health, governance, and infrastructure interfaces for healthcare/AMR; effectiveness is not measured.","SCENARIO ASSUMPTION: Public-health and healthcare actors use clearer detection-to-response handoffs, surge planning, and infection-control coordination that are emerging and selective in selected systems; response capacity is not disease absence. 2050 is an intermediate trajectory in which coordinated prevention, detection, and response links are emerging in selected systems.","SCENARIO CONSEQUENCE: 2050 is an intermediate trajectory in which coordinated prevention, detection, and response links are emerging in selected systems. Response coordination and margin change qualitatively; no incidence, case, outbreak, or health-outcome forecast is made.",IDFA-A2050-04,phase10_coordination_context,moderate,moderate,fictional,scenario,scenario_assumption,Healthcare/public-health response is modeled as coordination and capacity interface only; system strain does not imply prevalence.
IDFR-A2075-vectorborne,A2075,Coordinated Prevention & Detection,2075,vector-borne,SUR-003;REF-4;REF-10,"healthcare and public-health response capacity is stronger in selected interfaces, with clearer laboratory, care, and environmental-health handoffs","coordination is more connected across public health, healthcare, laboratories, environmental programs, and relevant operators",response margin is mature and wider in selected priority interfaces,"vector-borne prevention, investigation, care, and communication interfaces are better aligned without assuming elimination","selected energy, communications, treatment, cold-chain, laboratory, and facility dependencies are buffered. Response capacity is not absence of disease; response strain is not prevalence, incidence, or disease burden.","Response capacity is not absence of disease, and a response interface is not a prevalence or burden measure.","CURRENT FACT (2026 baseline): Phase 13A/13B identify care, laboratory, public-health, governance, and infrastructure interfaces for vector-borne; effectiveness is not measured.","SCENARIO ASSUMPTION: Public-health and healthcare actors use clearer detection-to-response handoffs, surge planning, and infection-control coordination that are institutionalized in selected interfaces in selected systems; response capacity is not disease absence. 2075 is a matured coordinated state in which selected prevention, detection, and response routines are institutionalized while residual uncertainty remains.","SCENARIO CONSEQUENCE: 2075 is a matured coordinated state in which selected prevention, detection, and response routines are institutionalized while residual uncertainty remains. Response coordination and margin change qualitatively; no incidence, case, outbreak, or health-outcome forecast is made.",IDFA-A2075-04,phase10_coordination_context,moderate,moderate,fictional,scenario,scenario_assumption,Healthcare/public-health response is modeled as coordination and capacity interface only; system strain does not imply prevalence.
IDFR-A2075-waterborneenvironmental,A2075,Coordinated Prevention & Detection,2075,waterborne/environmental,SUR-004;SUR-005;REF-4;REF-10,"healthcare and public-health response capacity is stronger in selected interfaces, with clearer laboratory, care, and environmental-health handoffs","coordination is more connected across public health, healthcare, laboratories, environmental programs, and relevant operators",response margin is mature and wider in selected priority interfaces,"waterborne/environmental prevention, investigation, care, and communication interfaces are better aligned without assuming elimination","selected energy, communications, treatment, cold-chain, laboratory, and facility dependencies are buffered. Response capacity is not absence of disease; response strain is not prevalence, incidence, or disease burden.","Response capacity is not absence of disease, and a response interface is not a prevalence or burden measure.","CURRENT FACT (2026 baseline): Phase 13A/13B identify care, laboratory, public-health, governance, and infrastructure interfaces for waterborne/environmental; effectiveness is not measured.","SCENARIO ASSUMPTION: Public-health and healthcare actors use clearer detection-to-response handoffs, surge planning, and infection-control coordination that are institutionalized in selected interfaces in selected systems; response capacity is not disease absence. 2075 is a matured coordinated state in which selected prevention, detection, and response routines are institutionalized while residual uncertainty remains.","SCENARIO CONSEQUENCE: 2075 is a matured coordinated state in which selected prevention, detection, and response routines are institutionalized while residual uncertainty remains. Response coordination and margin change qualitatively; no incidence, case, outbreak, or health-outcome forecast is made.",IDFA-A2075-04,phase10_coordination_context,moderate,moderate,fictional,scenario,scenario_assumption,Healthcare/public-health response is modeled as coordination and capacity interface only; system strain does not imply prevalence.
IDFR-A2075-foodborneenteric,A2075,Coordinated Prevention & Detection,2075,foodborne/enteric,SUR-006;SUR-007;SUR-005;REF-10,"healthcare and public-health response capacity is stronger in selected interfaces, with clearer laboratory, care, and environmental-health handoffs","coordination is more connected across public health, healthcare, laboratories, environmental programs, and relevant operators",response margin is mature and wider in selected priority interfaces,"foodborne/enteric prevention, investigation, care, and communication interfaces are better aligned without assuming elimination","selected energy, communications, treatment, cold-chain, laboratory, and facility dependencies are buffered. Response capacity is not absence of disease; response strain is not prevalence, incidence, or disease burden.","Response capacity is not absence of disease, and a response interface is not a prevalence or burden measure.","CURRENT FACT (2026 baseline): Phase 13A/13B identify care, laboratory, public-health, governance, and infrastructure interfaces for foodborne/enteric; effectiveness is not measured.","SCENARIO ASSUMPTION: Public-health and healthcare actors use clearer detection-to-response handoffs, surge planning, and infection-control coordination that are institutionalized in selected interfaces in selected systems; response capacity is not disease absence. 2075 is a matured coordinated state in which selected prevention, detection, and response routines are institutionalized while residual uncertainty remains.","SCENARIO CONSEQUENCE: 2075 is a matured coordinated state in which selected prevention, detection, and response routines are institutionalized while residual uncertainty remains. Response coordination and margin change qualitatively; no incidence, case, outbreak, or health-outcome forecast is made.",IDFA-A2075-04,phase10_coordination_context,moderate,moderate,fictional,scenario,scenario_assumption,Healthcare/public-health response is modeled as coordination and capacity interface only; system strain does not imply prevalence.
IDFR-A2075-respiratory,A2075,Coordinated Prevention & Detection,2075,respiratory,SUR-008;SUR-009;REF-4;REF-10,"healthcare and public-health response capacity is stronger in selected interfaces, with clearer laboratory, care, and environmental-health handoffs","coordination is more connected across public health, healthcare, laboratories, environmental programs, and relevant operators",response margin is mature and wider in selected priority interfaces,"respiratory prevention, investigation, care, and communication interfaces are better aligned without assuming elimination","selected energy, communications, treatment, cold-chain, laboratory, and facility dependencies are buffered. Response capacity is not absence of disease; response strain is not prevalence, incidence, or disease burden.","Response capacity is not absence of disease, and a response interface is not a prevalence or burden measure.","CURRENT FACT (2026 baseline): Phase 13A/13B identify care, laboratory, public-health, governance, and infrastructure interfaces for respiratory; effectiveness is not measured.","SCENARIO ASSUMPTION: Public-health and healthcare actors use clearer detection-to-response handoffs, surge planning, and infection-control coordination that are institutionalized in selected interfaces in selected systems; response capacity is not disease absence. 2075 is a matured coordinated state in which selected prevention, detection, and response routines are institutionalized while residual uncertainty remains.","SCENARIO CONSEQUENCE: 2075 is a matured coordinated state in which selected prevention, detection, and response routines are institutionalized while residual uncertainty remains. Response coordination and margin change qualitatively; no incidence, case, outbreak, or health-outcome forecast is made.",IDFA-A2075-04,phase10_coordination_context,moderate,moderate,fictional,scenario,scenario_assumption,Healthcare/public-health response is modeled as coordination and capacity interface only; system strain does not imply prevalence.
IDFR-A2075-zoonotic,A2075,Coordinated Prevention & Detection,2075,zoonotic,SUR-010;REF-4;REF-10,"healthcare and public-health response capacity is stronger in selected interfaces, with clearer laboratory, care, and environmental-health handoffs","coordination is more connected across public health, healthcare, laboratories, environmental programs, and relevant operators",response margin is mature and wider in selected priority interfaces,"zoonotic prevention, investigation, care, and communication interfaces are better aligned without assuming elimination","selected energy, communications, treatment, cold-chain, laboratory, and facility dependencies are buffered. Response capacity is not absence of disease; response strain is not prevalence, incidence, or disease burden.","Response capacity is not absence of disease, and a response interface is not a prevalence or burden measure.","CURRENT FACT (2026 baseline): Phase 13A/13B identify care, laboratory, public-health, governance, and infrastructure interfaces for zoonotic; effectiveness is not measured.","SCENARIO ASSUMPTION: Public-health and healthcare actors use clearer detection-to-response handoffs, surge planning, and infection-control coordination that are institutionalized in selected interfaces in selected systems; response capacity is not disease absence. 2075 is a matured coordinated state in which selected prevention, detection, and response routines are institutionalized while residual uncertainty remains.","SCENARIO CONSEQUENCE: 2075 is a matured coordinated state in which selected prevention, detection, and response routines are institutionalized while residual uncertainty remains. Response coordination and margin change qualitatively; no incidence, case, outbreak, or health-outcome forecast is made.",IDFA-A2075-04,phase10_coordination_context,moderate,moderate,fictional,scenario,scenario_assumption,Healthcare/public-health response is modeled as coordination and capacity interface only; system strain does not imply prevalence.
IDFR-A2075-healthcareAMR,A2075,Coordinated Prevention & Detection,2075,healthcare/AMR,SUR-011;SUR-012;INST-001;REF-10,"healthcare and public-health response capacity is stronger in selected interfaces, with clearer laboratory, care, and environmental-health handoffs","coordination is more connected across public health, healthcare, laboratories, environmental programs, and relevant operators",response margin is mature and wider in selected priority interfaces,"healthcare/AMR prevention, investigation, care, and communication interfaces are better aligned without assuming elimination","selected energy, communications, treatment, cold-chain, laboratory, and facility dependencies are buffered. Response capacity is not absence of disease; response strain is not prevalence, incidence, or disease burden.","Response capacity is not absence of disease, and a response interface is not a prevalence or burden measure.","CURRENT FACT (2026 baseline): Phase 13A/13B identify care, laboratory, public-health, governance, and infrastructure interfaces for healthcare/AMR; effectiveness is not measured.","SCENARIO ASSUMPTION: Public-health and healthcare actors use clearer detection-to-response handoffs, surge planning, and infection-control coordination that are institutionalized in selected interfaces in selected systems; response capacity is not disease absence. 2075 is a matured coordinated state in which selected prevention, detection, and response routines are institutionalized while residual uncertainty remains.","SCENARIO CONSEQUENCE: 2075 is a matured coordinated state in which selected prevention, detection, and response routines are institutionalized while residual uncertainty remains. Response coordination and margin change qualitatively; no incidence, case, outbreak, or health-outcome forecast is made.",IDFA-A2075-04,phase10_coordination_context,moderate,moderate,fictional,scenario,scenario_assumption,Healthcare/public-health response is modeled as coordination and capacity interface only; system strain does not imply prevalence.
IDFR-B2050-vectorborne,B2050,Networked but Uneven Adaptation,2050,vector-borne,SUR-003;REF-4;REF-10,healthcare and public-health response capacity is strong in some centers and slower or less accessible in others,"coordination uses overlapping networks with local protocols, negotiation friction, and variable cross-node coverage",response margin varies by node and event,"vector-borne prevention, investigation, care, and communication interfaces are distributed and locally adapted rather than uniform","continuity, treatment, cold-chain, laboratory, energy, communications, and facility dependencies are buffered unevenly. Response capacity is not absence of disease; response strain is not prevalence, incidence, or disease burden.","Response capacity is not absence of disease, and a response interface is not a prevalence or burden measure.","CURRENT FACT (2026 baseline): Phase 13A/13B identify care, laboratory, public-health, governance, and infrastructure interfaces for vector-borne; effectiveness is not measured.","SCENARIO ASSUMPTION: Healthcare and public-health response capacity is strong in some centers and constrained or slower in others, with emerging and selective coordination through overlapping institutional networks. 2050 is an intermediate trajectory in which adaptation is distributed across basin nodes with uneven coverage, methods, and response timing.","SCENARIO CONSEQUENCE: 2050 is an intermediate trajectory in which adaptation is distributed across basin nodes with uneven coverage, methods, and response timing. Response coordination and margin change qualitatively; no incidence, case, outbreak, or health-outcome forecast is made.",IDFA-B2050-04,phase10_coordination_context,high,high,fictional,scenario,scenario_assumption,Healthcare/public-health response is modeled as coordination and capacity interface only; system strain does not imply prevalence.
IDFR-B2050-waterborneenvironmental,B2050,Networked but Uneven Adaptation,2050,waterborne/environmental,SUR-004;SUR-005;REF-4;REF-10,healthcare and public-health response capacity is strong in some centers and slower or less accessible in others,"coordination uses overlapping networks with local protocols, negotiation friction, and variable cross-node coverage",response margin varies by node and event,"waterborne/environmental prevention, investigation, care, and communication interfaces are distributed and locally adapted rather than uniform","continuity, treatment, cold-chain, laboratory, energy, communications, and facility dependencies are buffered unevenly. Response capacity is not absence of disease; response strain is not prevalence, incidence, or disease burden.","Response capacity is not absence of disease, and a response interface is not a prevalence or burden measure.","CURRENT FACT (2026 baseline): Phase 13A/13B identify care, laboratory, public-health, governance, and infrastructure interfaces for waterborne/environmental; effectiveness is not measured.","SCENARIO ASSUMPTION: Healthcare and public-health response capacity is strong in some centers and constrained or slower in others, with emerging and selective coordination through overlapping institutional networks. 2050 is an intermediate trajectory in which adaptation is distributed across basin nodes with uneven coverage, methods, and response timing.","SCENARIO CONSEQUENCE: 2050 is an intermediate trajectory in which adaptation is distributed across basin nodes with uneven coverage, methods, and response timing. Response coordination and margin change qualitatively; no incidence, case, outbreak, or health-outcome forecast is made.",IDFA-B2050-04,phase10_coordination_context,high,high,fictional,scenario,scenario_assumption,Healthcare/public-health response is modeled as coordination and capacity interface only; system strain does not imply prevalence.
IDFR-B2050-foodborneenteric,B2050,Networked but Uneven Adaptation,2050,foodborne/enteric,SUR-006;SUR-007;SUR-005;REF-10,healthcare and public-health response capacity is strong in some centers and slower or less accessible in others,"coordination uses overlapping networks with local protocols, negotiation friction, and variable cross-node coverage",response margin varies by node and event,"foodborne/enteric prevention, investigation, care, and communication interfaces are distributed and locally adapted rather than uniform","continuity, treatment, cold-chain, laboratory, energy, communications, and facility dependencies are buffered unevenly. Response capacity is not absence of disease; response strain is not prevalence, incidence, or disease burden.","Response capacity is not absence of disease, and a response interface is not a prevalence or burden measure.","CURRENT FACT (2026 baseline): Phase 13A/13B identify care, laboratory, public-health, governance, and infrastructure interfaces for foodborne/enteric; effectiveness is not measured.","SCENARIO ASSUMPTION: Healthcare and public-health response capacity is strong in some centers and constrained or slower in others, with emerging and selective coordination through overlapping institutional networks. 2050 is an intermediate trajectory in which adaptation is distributed across basin nodes with uneven coverage, methods, and response timing.","SCENARIO CONSEQUENCE: 2050 is an intermediate trajectory in which adaptation is distributed across basin nodes with uneven coverage, methods, and response timing. Response coordination and margin change qualitatively; no incidence, case, outbreak, or health-outcome forecast is made.",IDFA-B2050-04,phase10_coordination_context,high,high,fictional,scenario,scenario_assumption,Healthcare/public-health response is modeled as coordination and capacity interface only; system strain does not imply prevalence.
IDFR-B2050-respiratory,B2050,Networked but Uneven Adaptation,2050,respiratory,SUR-008;SUR-009;REF-4;REF-10,healthcare and public-health response capacity is strong in some centers and slower or less accessible in others,"coordination uses overlapping networks with local protocols, negotiation friction, and variable cross-node coverage",response margin varies by node and event,"respiratory prevention, investigation, care, and communication interfaces are distributed and locally adapted rather than uniform","continuity, treatment, cold-chain, laboratory, energy, communications, and facility dependencies are buffered unevenly. Response capacity is not absence of disease; response strain is not prevalence, incidence, or disease burden.","Response capacity is not absence of disease, and a response interface is not a prevalence or burden measure.","CURRENT FACT (2026 baseline): Phase 13A/13B identify care, laboratory, public-health, governance, and infrastructure interfaces for respiratory; effectiveness is not measured.","SCENARIO ASSUMPTION: Healthcare and public-health response capacity is strong in some centers and constrained or slower in others, with emerging and selective coordination through overlapping institutional networks. 2050 is an intermediate trajectory in which adaptation is distributed across basin nodes with uneven coverage, methods, and response timing.","SCENARIO CONSEQUENCE: 2050 is an intermediate trajectory in which adaptation is distributed across basin nodes with uneven coverage, methods, and response timing. Response coordination and margin change qualitatively; no incidence, case, outbreak, or health-outcome forecast is made.",IDFA-B2050-04,phase10_coordination_context,high,high,fictional,scenario,scenario_assumption,Healthcare/public-health response is modeled as coordination and capacity interface only; system strain does not imply prevalence.
IDFR-B2050-zoonotic,B2050,Networked but Uneven Adaptation,2050,zoonotic,SUR-010;REF-4;REF-10,healthcare and public-health response capacity is strong in some centers and slower or less accessible in others,"coordination uses overlapping networks with local protocols, negotiation friction, and variable cross-node coverage",response margin varies by node and event,"zoonotic prevention, investigation, care, and communication interfaces are distributed and locally adapted rather than uniform","continuity, treatment, cold-chain, laboratory, energy, communications, and facility dependencies are buffered unevenly. Response capacity is not absence of disease; response strain is not prevalence, incidence, or disease burden.","Response capacity is not absence of disease, and a response interface is not a prevalence or burden measure.","CURRENT FACT (2026 baseline): Phase 13A/13B identify care, laboratory, public-health, governance, and infrastructure interfaces for zoonotic; effectiveness is not measured.","SCENARIO ASSUMPTION: Healthcare and public-health response capacity is strong in some centers and constrained or slower in others, with emerging and selective coordination through overlapping institutional networks. 2050 is an intermediate trajectory in which adaptation is distributed across basin nodes with uneven coverage, methods, and response timing.","SCENARIO CONSEQUENCE: 2050 is an intermediate trajectory in which adaptation is distributed across basin nodes with uneven coverage, methods, and response timing. Response coordination and margin change qualitatively; no incidence, case, outbreak, or health-outcome forecast is made.",IDFA-B2050-04,phase10_coordination_context,high,high,fictional,scenario,scenario_assumption,Healthcare/public-health response is modeled as coordination and capacity interface only; system strain does not imply prevalence.
IDFR-B2050-healthcareAMR,B2050,Networked but Uneven Adaptation,2050,healthcare/AMR,SUR-011;SUR-012;INST-001;REF-10,healthcare and public-health response capacity is strong in some centers and slower or less accessible in others,"coordination uses overlapping networks with local protocols, negotiation friction, and variable cross-node coverage",response margin varies by node and event,"healthcare/AMR prevention, investigation, care, and communication interfaces are distributed and locally adapted rather than uniform","continuity, treatment, cold-chain, laboratory, energy, communications, and facility dependencies are buffered unevenly. Response capacity is not absence of disease; response strain is not prevalence, incidence, or disease burden.","Response capacity is not absence of disease, and a response interface is not a prevalence or burden measure.","CURRENT FACT (2026 baseline): Phase 13A/13B identify care, laboratory, public-health, governance, and infrastructure interfaces for healthcare/AMR; effectiveness is not measured.","SCENARIO ASSUMPTION: Healthcare and public-health response capacity is strong in some centers and constrained or slower in others, with emerging and selective coordination through overlapping institutional networks. 2050 is an intermediate trajectory in which adaptation is distributed across basin nodes with uneven coverage, methods, and response timing.","SCENARIO CONSEQUENCE: 2050 is an intermediate trajectory in which adaptation is distributed across basin nodes with uneven coverage, methods, and response timing. Response coordination and margin change qualitatively; no incidence, case, outbreak, or health-outcome forecast is made.",IDFA-B2050-04,phase10_coordination_context,high,high,fictional,scenario,scenario_assumption,Healthcare/public-health response is modeled as coordination and capacity interface only; system strain does not imply prevalence.
IDFR-B2075-vectorborne,B2075,Networked but Uneven Adaptation,2075,vector-borne,SUR-003;REF-4;REF-10,healthcare and public-health response capacity is strong in some centers and slower or less accessible in others,"coordination uses overlapping networks with local protocols, negotiation friction, and variable cross-node coverage",response margin remains structurally uneven across the network,"vector-borne prevention, investigation, care, and communication interfaces are distributed and locally adapted rather than uniform","continuity, treatment, cold-chain, laboratory, energy, communications, and facility dependencies are buffered unevenly. Response capacity is not absence of disease; response strain is not prevalence, incidence, or disease burden.","Response capacity is not absence of disease, and a response interface is not a prevalence or burden measure.","CURRENT FACT (2026 baseline): Phase 13A/13B identify care, laboratory, public-health, governance, and infrastructure interfaces for vector-borne; effectiveness is not measured.","SCENARIO ASSUMPTION: Healthcare and public-health response capacity is strong in some centers and constrained or slower in others, with institutionalized in selected interfaces coordination through overlapping institutional networks. 2075 is a matured mosaic in which strong and weak nodes remain connected through overlapping networks, local friction, and reporting differences.","SCENARIO CONSEQUENCE: 2075 is a matured mosaic in which strong and weak nodes remain connected through overlapping networks, local friction, and reporting differences. Response coordination and margin change qualitatively; no incidence, case, outbreak, or health-outcome forecast is made.",IDFA-B2075-04,phase10_coordination_context,high,high,fictional,scenario,scenario_assumption,Healthcare/public-health response is modeled as coordination and capacity interface only; system strain does not imply prevalence.
IDFR-B2075-waterborneenvironmental,B2075,Networked but Uneven Adaptation,2075,waterborne/environmental,SUR-004;SUR-005;REF-4;REF-10,healthcare and public-health response capacity is strong in some centers and slower or less accessible in others,"coordination uses overlapping networks with local protocols, negotiation friction, and variable cross-node coverage",response margin remains structurally uneven across the network,"waterborne/environmental prevention, investigation, care, and communication interfaces are distributed and locally adapted rather than uniform","continuity, treatment, cold-chain, laboratory, energy, communications, and facility dependencies are buffered unevenly. Response capacity is not absence of disease; response strain is not prevalence, incidence, or disease burden.","Response capacity is not absence of disease, and a response interface is not a prevalence or burden measure.","CURRENT FACT (2026 baseline): Phase 13A/13B identify care, laboratory, public-health, governance, and infrastructure interfaces for waterborne/environmental; effectiveness is not measured.","SCENARIO ASSUMPTION: Healthcare and public-health response capacity is strong in some centers and constrained or slower in others, with institutionalized in selected interfaces coordination through overlapping institutional networks. 2075 is a matured mosaic in which strong and weak nodes remain connected through overlapping networks, local friction, and reporting differences.","SCENARIO CONSEQUENCE: 2075 is a matured mosaic in which strong and weak nodes remain connected through overlapping networks, local friction, and reporting differences. Response coordination and margin change qualitatively; no incidence, case, outbreak, or health-outcome forecast is made.",IDFA-B2075-04,phase10_coordination_context,high,high,fictional,scenario,scenario_assumption,Healthcare/public-health response is modeled as coordination and capacity interface only; system strain does not imply prevalence.
IDFR-B2075-foodborneenteric,B2075,Networked but Uneven Adaptation,2075,foodborne/enteric,SUR-006;SUR-007;SUR-005;REF-10,healthcare and public-health response capacity is strong in some centers and slower or less accessible in others,"coordination uses overlapping networks with local protocols, negotiation friction, and variable cross-node coverage",response margin remains structurally uneven across the network,"foodborne/enteric prevention, investigation, care, and communication interfaces are distributed and locally adapted rather than uniform","continuity, treatment, cold-chain, laboratory, energy, communications, and facility dependencies are buffered unevenly. Response capacity is not absence of disease; response strain is not prevalence, incidence, or disease burden.","Response capacity is not absence of disease, and a response interface is not a prevalence or burden measure.","CURRENT FACT (2026 baseline): Phase 13A/13B identify care, laboratory, public-health, governance, and infrastructure interfaces for foodborne/enteric; effectiveness is not measured.","SCENARIO ASSUMPTION: Healthcare and public-health response capacity is strong in some centers and constrained or slower in others, with institutionalized in selected interfaces coordination through overlapping institutional networks. 2075 is a matured mosaic in which strong and weak nodes remain connected through overlapping networks, local friction, and reporting differences.","SCENARIO CONSEQUENCE: 2075 is a matured mosaic in which strong and weak nodes remain connected through overlapping networks, local friction, and reporting differences. Response coordination and margin change qualitatively; no incidence, case, outbreak, or health-outcome forecast is made.",IDFA-B2075-04,phase10_coordination_context,high,high,fictional,scenario,scenario_assumption,Healthcare/public-health response is modeled as coordination and capacity interface only; system strain does not imply prevalence.
IDFR-B2075-respiratory,B2075,Networked but Uneven Adaptation,2075,respiratory,SUR-008;SUR-009;REF-4;REF-10,healthcare and public-health response capacity is strong in some centers and slower or less accessible in others,"coordination uses overlapping networks with local protocols, negotiation friction, and variable cross-node coverage",response margin remains structurally uneven across the network,"respiratory prevention, investigation, care, and communication interfaces are distributed and locally adapted rather than uniform","continuity, treatment, cold-chain, laboratory, energy, communications, and facility dependencies are buffered unevenly. Response capacity is not absence of disease; response strain is not prevalence, incidence, or disease burden.","Response capacity is not absence of disease, and a response interface is not a prevalence or burden measure.","CURRENT FACT (2026 baseline): Phase 13A/13B identify care, laboratory, public-health, governance, and infrastructure interfaces for respiratory; effectiveness is not measured.","SCENARIO ASSUMPTION: Healthcare and public-health response capacity is strong in some centers and constrained or slower in others, with institutionalized in selected interfaces coordination through overlapping institutional networks. 2075 is a matured mosaic in which strong and weak nodes remain connected through overlapping networks, local friction, and reporting differences.","SCENARIO CONSEQUENCE: 2075 is a matured mosaic in which strong and weak nodes remain connected through overlapping networks, local friction, and reporting differences. Response coordination and margin change qualitatively; no incidence, case, outbreak, or health-outcome forecast is made.",IDFA-B2075-04,phase10_coordination_context,high,high,fictional,scenario,scenario_assumption,Healthcare/public-health response is modeled as coordination and capacity interface only; system strain does not imply prevalence.
IDFR-B2075-zoonotic,B2075,Networked but Uneven Adaptation,2075,zoonotic,SUR-010;REF-4;REF-10,healthcare and public-health response capacity is strong in some centers and slower or less accessible in others,"coordination uses overlapping networks with local protocols, negotiation friction, and variable cross-node coverage",response margin remains structurally uneven across the network,"zoonotic prevention, investigation, care, and communication interfaces are distributed and locally adapted rather than uniform","continuity, treatment, cold-chain, laboratory, energy, communications, and facility dependencies are buffered unevenly. Response capacity is not absence of disease; response strain is not prevalence, incidence, or disease burden.","Response capacity is not absence of disease, and a response interface is not a prevalence or burden measure.","CURRENT FACT (2026 baseline): Phase 13A/13B identify care, laboratory, public-health, governance, and infrastructure interfaces for zoonotic; effectiveness is not measured.","SCENARIO ASSUMPTION: Healthcare and public-health response capacity is strong in some centers and constrained or slower in others, with institutionalized in selected interfaces coordination through overlapping institutional networks. 2075 is a matured mosaic in which strong and weak nodes remain connected through overlapping networks, local friction, and reporting differences.","SCENARIO CONSEQUENCE: 2075 is a matured mosaic in which strong and weak nodes remain connected through overlapping networks, local friction, and reporting differences. Response coordination and margin change qualitatively; no incidence, case, outbreak, or health-outcome forecast is made.",IDFA-B2075-04,phase10_coordination_context,high,high,fictional,scenario,scenario_assumption,Healthcare/public-health response is modeled as coordination and capacity interface only; system strain does not imply prevalence.
IDFR-B2075-healthcareAMR,B2075,Networked but Uneven Adaptation,2075,healthcare/AMR,SUR-011;SUR-012;INST-001;REF-10,healthcare and public-health response capacity is strong in some centers and slower or less accessible in others,"coordination uses overlapping networks with local protocols, negotiation friction, and variable cross-node coverage",response margin remains structurally uneven across the network,"healthcare/AMR prevention, investigation, care, and communication interfaces are distributed and locally adapted rather than uniform","continuity, treatment, cold-chain, laboratory, energy, communications, and facility dependencies are buffered unevenly. Response capacity is not absence of disease; response strain is not prevalence, incidence, or disease burden.","Response capacity is not absence of disease, and a response interface is not a prevalence or burden measure.","CURRENT FACT (2026 baseline): Phase 13A/13B identify care, laboratory, public-health, governance, and infrastructure interfaces for healthcare/AMR; effectiveness is not measured.","SCENARIO ASSUMPTION: Healthcare and public-health response capacity is strong in some centers and constrained or slower in others, with institutionalized in selected interfaces coordination through overlapping institutional networks. 2075 is a matured mosaic in which strong and weak nodes remain connected through overlapping networks, local friction, and reporting differences.","SCENARIO CONSEQUENCE: 2075 is a matured mosaic in which strong and weak nodes remain connected through overlapping networks, local friction, and reporting differences. Response coordination and margin change qualitatively; no incidence, case, outbreak, or health-outcome forecast is made.",IDFA-B2075-04,phase10_coordination_context,high,high,fictional,scenario,scenario_assumption,Healthcare/public-health response is modeled as coordination and capacity interface only; system strain does not imply prevalence.
IDFR-C2050-vectorborne,C2050,Higher Transmission Opportunity / Response Strain,2050,vector-borne,SUR-003;REF-4;REF-10,healthcare and public-health response capacity faces greater coordination strain at selected interfaces while capable services continue elsewhere,"response handoffs are slower or less synchronized at selected seams, especially during environmental or infrastructure disruptions",response margin narrows at selected seams,"vector-borne prevention, investigation, care, and communication interfaces face episodic delay or interruption without a deterministic outbreak claim","treatment, cold-chain, laboratory, energy, communications, and facility dependencies become more consequential where continuity lags. Response capacity is not absence of disease; response strain is not prevalence, incidence, or disease burden.","Response capacity is not absence of disease, and a response interface is not a prevalence or burden measure.","CURRENT FACT (2026 baseline): Phase 13A/13B identify care, laboratory, public-health, governance, and infrastructure interfaces for vector-borne; effectiveness is not measured.","SCENARIO ASSUMPTION: Public-health and healthcare systems face a narrower response margin at selected seams, with coordination strain, delayed handoffs, and episodic service disruption becoming emerging and selective without a prevalence claim. 2050 is an intermediate trajectory in which selected environmental and infrastructure pressures widen opportunity seams while response strain begins to appear.","SCENARIO CONSEQUENCE: 2050 is an intermediate trajectory in which selected environmental and infrastructure pressures widen opportunity seams while response strain begins to appear. Response coordination and margin change qualitatively; no incidence, case, outbreak, or health-outcome forecast is made.",IDFA-C2050-04,phase10_coordination_context,exploratory,high,fictional,scenario,scenario_assumption,Healthcare/public-health response is modeled as coordination and capacity interface only; system strain does not imply prevalence.
IDFR-C2050-waterborneenvironmental,C2050,Higher Transmission Opportunity / Response Strain,2050,waterborne/environmental,SUR-004;SUR-005;REF-4;REF-10,healthcare and public-health response capacity faces greater coordination strain at selected interfaces while capable services continue elsewhere,"response handoffs are slower or less synchronized at selected seams, especially during environmental or infrastructure disruptions",response margin narrows at selected seams,"waterborne/environmental prevention, investigation, care, and communication interfaces face episodic delay or interruption without a deterministic outbreak claim","treatment, cold-chain, laboratory, energy, communications, and facility dependencies become more consequential where continuity lags. Response capacity is not absence of disease; response strain is not prevalence, incidence, or disease burden.","Response capacity is not absence of disease, and a response interface is not a prevalence or burden measure.","CURRENT FACT (2026 baseline): Phase 13A/13B identify care, laboratory, public-health, governance, and infrastructure interfaces for waterborne/environmental; effectiveness is not measured.","SCENARIO ASSUMPTION: Public-health and healthcare systems face a narrower response margin at selected seams, with coordination strain, delayed handoffs, and episodic service disruption becoming emerging and selective without a prevalence claim. 2050 is an intermediate trajectory in which selected environmental and infrastructure pressures widen opportunity seams while response strain begins to appear.","SCENARIO CONSEQUENCE: 2050 is an intermediate trajectory in which selected environmental and infrastructure pressures widen opportunity seams while response strain begins to appear. Response coordination and margin change qualitatively; no incidence, case, outbreak, or health-outcome forecast is made.",IDFA-C2050-04,phase10_coordination_context,exploratory,high,fictional,scenario,scenario_assumption,Healthcare/public-health response is modeled as coordination and capacity interface only; system strain does not imply prevalence.
IDFR-C2050-foodborneenteric,C2050,Higher Transmission Opportunity / Response Strain,2050,foodborne/enteric,SUR-006;SUR-007;SUR-005;REF-10,healthcare and public-health response capacity faces greater coordination strain at selected interfaces while capable services continue elsewhere,"response handoffs are slower or less synchronized at selected seams, especially during environmental or infrastructure disruptions",response margin narrows at selected seams,"foodborne/enteric prevention, investigation, care, and communication interfaces face episodic delay or interruption without a deterministic outbreak claim","treatment, cold-chain, laboratory, energy, communications, and facility dependencies become more consequential where continuity lags. Response capacity is not absence of disease; response strain is not prevalence, incidence, or disease burden.","Response capacity is not absence of disease, and a response interface is not a prevalence or burden measure.","CURRENT FACT (2026 baseline): Phase 13A/13B identify care, laboratory, public-health, governance, and infrastructure interfaces for foodborne/enteric; effectiveness is not measured.","SCENARIO ASSUMPTION: Public-health and healthcare systems face a narrower response margin at selected seams, with coordination strain, delayed handoffs, and episodic service disruption becoming emerging and selective without a prevalence claim. 2050 is an intermediate trajectory in which selected environmental and infrastructure pressures widen opportunity seams while response strain begins to appear.","SCENARIO CONSEQUENCE: 2050 is an intermediate trajectory in which selected environmental and infrastructure pressures widen opportunity seams while response strain begins to appear. Response coordination and margin change qualitatively; no incidence, case, outbreak, or health-outcome forecast is made.",IDFA-C2050-04,phase10_coordination_context,exploratory,high,fictional,scenario,scenario_assumption,Healthcare/public-health response is modeled as coordination and capacity interface only; system strain does not imply prevalence.
IDFR-C2050-respiratory,C2050,Higher Transmission Opportunity / Response Strain,2050,respiratory,SUR-008;SUR-009;REF-4;REF-10,healthcare and public-health response capacity faces greater coordination strain at selected interfaces while capable services continue elsewhere,"response handoffs are slower or less synchronized at selected seams, especially during environmental or infrastructure disruptions",response margin narrows at selected seams,"respiratory prevention, investigation, care, and communication interfaces face episodic delay or interruption without a deterministic outbreak claim","treatment, cold-chain, laboratory, energy, communications, and facility dependencies become more consequential where continuity lags. Response capacity is not absence of disease; response strain is not prevalence, incidence, or disease burden.","Response capacity is not absence of disease, and a response interface is not a prevalence or burden measure.","CURRENT FACT (2026 baseline): Phase 13A/13B identify care, laboratory, public-health, governance, and infrastructure interfaces for respiratory; effectiveness is not measured.","SCENARIO ASSUMPTION: Public-health and healthcare systems face a narrower response margin at selected seams, with coordination strain, delayed handoffs, and episodic service disruption becoming emerging and selective without a prevalence claim. 2050 is an intermediate trajectory in which selected environmental and infrastructure pressures widen opportunity seams while response strain begins to appear.","SCENARIO CONSEQUENCE: 2050 is an intermediate trajectory in which selected environmental and infrastructure pressures widen opportunity seams while response strain begins to appear. Response coordination and margin change qualitatively; no incidence, case, outbreak, or health-outcome forecast is made.",IDFA-C2050-04,phase10_coordination_context,exploratory,high,fictional,scenario,scenario_assumption,Healthcare/public-health response is modeled as coordination and capacity interface only; system strain does not imply prevalence.
IDFR-C2050-zoonotic,C2050,Higher Transmission Opportunity / Response Strain,2050,zoonotic,SUR-010;REF-4;REF-10,healthcare and public-health response capacity faces greater coordination strain at selected interfaces while capable services continue elsewhere,"response handoffs are slower or less synchronized at selected seams, especially during environmental or infrastructure disruptions",response margin narrows at selected seams,"zoonotic prevention, investigation, care, and communication interfaces face episodic delay or interruption without a deterministic outbreak claim","treatment, cold-chain, laboratory, energy, communications, and facility dependencies become more consequential where continuity lags. Response capacity is not absence of disease; response strain is not prevalence, incidence, or disease burden.","Response capacity is not absence of disease, and a response interface is not a prevalence or burden measure.","CURRENT FACT (2026 baseline): Phase 13A/13B identify care, laboratory, public-health, governance, and infrastructure interfaces for zoonotic; effectiveness is not measured.","SCENARIO ASSUMPTION: Public-health and healthcare systems face a narrower response margin at selected seams, with coordination strain, delayed handoffs, and episodic service disruption becoming emerging and selective without a prevalence claim. 2050 is an intermediate trajectory in which selected environmental and infrastructure pressures widen opportunity seams while response strain begins to appear.","SCENARIO CONSEQUENCE: 2050 is an intermediate trajectory in which selected environmental and infrastructure pressures widen opportunity seams while response strain begins to appear. Response coordination and margin change qualitatively; no incidence, case, outbreak, or health-outcome forecast is made.",IDFA-C2050-04,phase10_coordination_context,exploratory,high,fictional,scenario,scenario_assumption,Healthcare/public-health response is modeled as coordination and capacity interface only; system strain does not imply prevalence.
IDFR-C2050-healthcareAMR,C2050,Higher Transmission Opportunity / Response Strain,2050,healthcare/AMR,SUR-011;SUR-012;INST-001;REF-10,healthcare and public-health response capacity faces greater coordination strain at selected interfaces while capable services continue elsewhere,"response handoffs are slower or less synchronized at selected seams, especially during environmental or infrastructure disruptions",response margin narrows at selected seams,"healthcare/AMR prevention, investigation, care, and communication interfaces face episodic delay or interruption without a deterministic outbreak claim","treatment, cold-chain, laboratory, energy, communications, and facility dependencies become more consequential where continuity lags. Response capacity is not absence of disease; response strain is not prevalence, incidence, or disease burden.","Response capacity is not absence of disease, and a response interface is not a prevalence or burden measure.","CURRENT FACT (2026 baseline): Phase 13A/13B identify care, laboratory, public-health, governance, and infrastructure interfaces for healthcare/AMR; effectiveness is not measured.","SCENARIO ASSUMPTION: Public-health and healthcare systems face a narrower response margin at selected seams, with coordination strain, delayed handoffs, and episodic service disruption becoming emerging and selective without a prevalence claim. 2050 is an intermediate trajectory in which selected environmental and infrastructure pressures widen opportunity seams while response strain begins to appear.","SCENARIO CONSEQUENCE: 2050 is an intermediate trajectory in which selected environmental and infrastructure pressures widen opportunity seams while response strain begins to appear. Response coordination and margin change qualitatively; no incidence, case, outbreak, or health-outcome forecast is made.",IDFA-C2050-04,phase10_coordination_context,exploratory,high,fictional,scenario,scenario_assumption,Healthcare/public-health response is modeled as coordination and capacity interface only; system strain does not imply prevalence.
IDFR-C2075-vectorborne,C2075,Higher Transmission Opportunity / Response Strain,2075,vector-borne,SUR-003;REF-4;REF-10,healthcare and public-health response capacity faces greater coordination strain at selected interfaces while capable services continue elsewhere,"response handoffs are slower or less synchronized at selected seams, especially during environmental or infrastructure disruptions",response margin remains narrow in selected seams amid persistent strain,"vector-borne prevention, investigation, care, and communication interfaces face episodic delay or interruption without a deterministic outbreak claim","treatment, cold-chain, laboratory, energy, communications, and facility dependencies become more consequential where continuity lags. Response capacity is not absence of disease; response strain is not prevalence, incidence, or disease burden.","Response capacity is not absence of disease, and a response interface is not a prevalence or burden measure.","CURRENT FACT (2026 baseline): Phase 13A/13B identify care, laboratory, public-health, governance, and infrastructure interfaces for vector-borne; effectiveness is not measured.","SCENARIO ASSUMPTION: Public-health and healthcare systems face a narrower response margin at selected seams, with coordination strain, delayed handoffs, and episodic service disruption becoming institutionalized in selected interfaces without a prevalence claim. 2075 is a matured or diverged state in which selected opportunity windows and disruptions are more consequential while capable programs persist amid coordination strain.","SCENARIO CONSEQUENCE: 2075 is a matured or diverged state in which selected opportunity windows and disruptions are more consequential while capable programs persist amid coordination strain. Response coordination and margin change qualitatively; no incidence, case, outbreak, or health-outcome forecast is made.",IDFA-C2075-04,phase10_coordination_context,exploratory,high,fictional,scenario,scenario_assumption,Healthcare/public-health response is modeled as coordination and capacity interface only; system strain does not imply prevalence.
IDFR-C2075-waterborneenvironmental,C2075,Higher Transmission Opportunity / Response Strain,2075,waterborne/environmental,SUR-004;SUR-005;REF-4;REF-10,healthcare and public-health response capacity faces greater coordination strain at selected interfaces while capable services continue elsewhere,"response handoffs are slower or less synchronized at selected seams, especially during environmental or infrastructure disruptions",response margin remains narrow in selected seams amid persistent strain,"waterborne/environmental prevention, investigation, care, and communication interfaces face episodic delay or interruption without a deterministic outbreak claim","treatment, cold-chain, laboratory, energy, communications, and facility dependencies become more consequential where continuity lags. Response capacity is not absence of disease; response strain is not prevalence, incidence, or disease burden.","Response capacity is not absence of disease, and a response interface is not a prevalence or burden measure.","CURRENT FACT (2026 baseline): Phase 13A/13B identify care, laboratory, public-health, governance, and infrastructure interfaces for waterborne/environmental; effectiveness is not measured.","SCENARIO ASSUMPTION: Public-health and healthcare systems face a narrower response margin at selected seams, with coordination strain, delayed handoffs, and episodic service disruption becoming institutionalized in selected interfaces without a prevalence claim. 2075 is a matured or diverged state in which selected opportunity windows and disruptions are more consequential while capable programs persist amid coordination strain.","SCENARIO CONSEQUENCE: 2075 is a matured or diverged state in which selected opportunity windows and disruptions are more consequential while capable programs persist amid coordination strain. Response coordination and margin change qualitatively; no incidence, case, outbreak, or health-outcome forecast is made.",IDFA-C2075-04,phase10_coordination_context,exploratory,high,fictional,scenario,scenario_assumption,Healthcare/public-health response is modeled as coordination and capacity interface only; system strain does not imply prevalence.
IDFR-C2075-foodborneenteric,C2075,Higher Transmission Opportunity / Response Strain,2075,foodborne/enteric,SUR-006;SUR-007;SUR-005;REF-10,healthcare and public-health response capacity faces greater coordination strain at selected interfaces while capable services continue elsewhere,"response handoffs are slower or less synchronized at selected seams, especially during environmental or infrastructure disruptions",response margin remains narrow in selected seams amid persistent strain,"foodborne/enteric prevention, investigation, care, and communication interfaces face episodic delay or interruption without a deterministic outbreak claim","treatment, cold-chain, laboratory, energy, communications, and facility dependencies become more consequential where continuity lags. Response capacity is not absence of disease; response strain is not prevalence, incidence, or disease burden.","Response capacity is not absence of disease, and a response interface is not a prevalence or burden measure.","CURRENT FACT (2026 baseline): Phase 13A/13B identify care, laboratory, public-health, governance, and infrastructure interfaces for foodborne/enteric; effectiveness is not measured.","SCENARIO ASSUMPTION: Public-health and healthcare systems face a narrower response margin at selected seams, with coordination strain, delayed handoffs, and episodic service disruption becoming institutionalized in selected interfaces without a prevalence claim. 2075 is a matured or diverged state in which selected opportunity windows and disruptions are more consequential while capable programs persist amid coordination strain.","SCENARIO CONSEQUENCE: 2075 is a matured or diverged state in which selected opportunity windows and disruptions are more consequential while capable programs persist amid coordination strain. Response coordination and margin change qualitatively; no incidence, case, outbreak, or health-outcome forecast is made.",IDFA-C2075-04,phase10_coordination_context,exploratory,high,fictional,scenario,scenario_assumption,Healthcare/public-health response is modeled as coordination and capacity interface only; system strain does not imply prevalence.
IDFR-C2075-respiratory,C2075,Higher Transmission Opportunity / Response Strain,2075,respiratory,SUR-008;SUR-009;REF-4;REF-10,healthcare and public-health response capacity faces greater coordination strain at selected interfaces while capable services continue elsewhere,"response handoffs are slower or less synchronized at selected seams, especially during environmental or infrastructure disruptions",response margin remains narrow in selected seams amid persistent strain,"respiratory prevention, investigation, care, and communication interfaces face episodic delay or interruption without a deterministic outbreak claim","treatment, cold-chain, laboratory, energy, communications, and facility dependencies become more consequential where continuity lags. Response capacity is not absence of disease; response strain is not prevalence, incidence, or disease burden.","Response capacity is not absence of disease, and a response interface is not a prevalence or burden measure.","CURRENT FACT (2026 baseline): Phase 13A/13B identify care, laboratory, public-health, governance, and infrastructure interfaces for respiratory; effectiveness is not measured.","SCENARIO ASSUMPTION: Public-health and healthcare systems face a narrower response margin at selected seams, with coordination strain, delayed handoffs, and episodic service disruption becoming institutionalized in selected interfaces without a prevalence claim. 2075 is a matured or diverged state in which selected opportunity windows and disruptions are more consequential while capable programs persist amid coordination strain.","SCENARIO CONSEQUENCE: 2075 is a matured or diverged state in which selected opportunity windows and disruptions are more consequential while capable programs persist amid coordination strain. Response coordination and margin change qualitatively; no incidence, case, outbreak, or health-outcome forecast is made.",IDFA-C2075-04,phase10_coordination_context,exploratory,high,fictional,scenario,scenario_assumption,Healthcare/public-health response is modeled as coordination and capacity interface only; system strain does not imply prevalence.
IDFR-C2075-zoonotic,C2075,Higher Transmission Opportunity / Response Strain,2075,zoonotic,SUR-010;REF-4;REF-10,healthcare and public-health response capacity faces greater coordination strain at selected interfaces while capable services continue elsewhere,"response handoffs are slower or less synchronized at selected seams, especially during environmental or infrastructure disruptions",response margin remains narrow in selected seams amid persistent strain,"zoonotic prevention, investigation, care, and communication interfaces face episodic delay or interruption without a deterministic outbreak claim","treatment, cold-chain, laboratory, energy, communications, and facility dependencies become more consequential where continuity lags. Response capacity is not absence of disease; response strain is not prevalence, incidence, or disease burden.","Response capacity is not absence of disease, and a response interface is not a prevalence or burden measure.","CURRENT FACT (2026 baseline): Phase 13A/13B identify care, laboratory, public-health, governance, and infrastructure interfaces for zoonotic; effectiveness is not measured.","SCENARIO ASSUMPTION: Public-health and healthcare systems face a narrower response margin at selected seams, with coordination strain, delayed handoffs, and episodic service disruption becoming institutionalized in selected interfaces without a prevalence claim. 2075 is a matured or diverged state in which selected opportunity windows and disruptions are more consequential while capable programs persist amid coordination strain.","SCENARIO CONSEQUENCE: 2075 is a matured or diverged state in which selected opportunity windows and disruptions are more consequential while capable programs persist amid coordination strain. Response coordination and margin change qualitatively; no incidence, case, outbreak, or health-outcome forecast is made.",IDFA-C2075-04,phase10_coordination_context,exploratory,high,fictional,scenario,scenario_assumption,Healthcare/public-health response is modeled as coordination and capacity interface only; system strain does not imply prevalence.
IDFR-C2075-healthcareAMR,C2075,Higher Transmission Opportunity / Response Strain,2075,healthcare/AMR,SUR-011;SUR-012;INST-001;REF-10,healthcare and public-health response capacity faces greater coordination strain at selected interfaces while capable services continue elsewhere,"response handoffs are slower or less synchronized at selected seams, especially during environmental or infrastructure disruptions",response margin remains narrow in selected seams amid persistent strain,"healthcare/AMR prevention, investigation, care, and communication interfaces face episodic delay or interruption without a deterministic outbreak claim","treatment, cold-chain, laboratory, energy, communications, and facility dependencies become more consequential where continuity lags. Response capacity is not absence of disease; response strain is not prevalence, incidence, or disease burden.","Response capacity is not absence of disease, and a response interface is not a prevalence or burden measure.","CURRENT FACT (2026 baseline): Phase 13A/13B identify care, laboratory, public-health, governance, and infrastructure interfaces for healthcare/AMR; effectiveness is not measured.","SCENARIO ASSUMPTION: Public-health and healthcare systems face a narrower response margin at selected seams, with coordination strain, delayed handoffs, and episodic service disruption becoming institutionalized in selected interfaces without a prevalence claim. 2075 is a matured or diverged state in which selected opportunity windows and disruptions are more consequential while capable programs persist amid coordination strain.","SCENARIO CONSEQUENCE: 2075 is a matured or diverged state in which selected opportunity windows and disruptions are more consequential while capable programs persist amid coordination strain. Response coordination and margin change qualitatively; no incidence, case, outbreak, or health-outcome forecast is made.",IDFA-C2075-04,phase10_coordination_context,exploratory,high,fictional,scenario,scenario_assumption,Healthcare/public-health response is modeled as coordination and capacity interface only; system strain does not imply prevalence.
