routing_id,from_huc12,to_huc12,routing_precedence,routing_basis,physical_geometry,source_authority,source_generation,confidence,qa_status,replacement_ids,replacement_feature_types,unresolved_category,observed_3dhp_downstream_huc12,explanation
WTR-HUC-ROUTE-041000030706,041000030706,041000030707,2,official_3dhp_connector,False,USGS,migrated_nhd,high,REPLACED_AUTHORITATIVE_CONNECTOR,AQ57S;E3NQ7;G9JIT;GT0C4,Channel Line;Hydro Unenforced Connector;Waterbody Connector,,,Authoritative 3DHP topology or a forward-directed same-feature crossing uses a non-watercourse connector class.
WTR-HUC-ROUTE-041000040605,041000040605,041000040606,2,official_3dhp_connector,False,USGS,migrated_nhd,high,REPLACED_AUTHORITATIVE_CONNECTOR,1A3SO;2RC1B;5G5ZS,Waterbody Connector,,,Authoritative 3DHP topology or a forward-directed same-feature crossing uses a non-watercourse connector class.
WTR-HUC-ROUTE-041000030805,041000030805,041000030806,1,physical_3dhp,True,USGS,migrated_nhd,high,REPLACED_PHYSICAL,1F9J5;4DQYH;4S91U;7HCSZ;9DHJG;9IBYN;9S29U;B4P1Y;DTY3Z,Canal;Channel Line;Hydro Unenforced Connector;Waterbody Connector,,,Authoritative 3DHP topology or a forward-directed same-feature HUC crossing provides physical geometry.
WTR-HUC-ROUTE-041000040606,041000040606,041000050102,1,physical_3dhp,True,USGS,migrated_nhd,high,REPLACED_PHYSICAL,10MMV;4IGRX;5GDC9;907FP;C2MHM;CM1RI,Canal;Channel Line;Drainageway;Waterbody Connector,,,Authoritative 3DHP topology or a forward-directed same-feature HUC crossing provides physical geometry.
WTR-HUC-ROUTE-041000030806,041000030806,041000050102,2,official_3dhp_connector,False,USGS,migrated_nhd,high,REPLACED_AUTHORITATIVE_CONNECTOR,C8XLC;CM1RI,Waterbody Connector,,,Authoritative 3DHP topology or a forward-directed same-feature crossing uses a non-watercourse connector class.
WTR-HUC-ROUTE-041000040602,041000040602,041000040604,1,physical_3dhp,True,USGS,migrated_nhd,high,REPLACED_PHYSICAL,2MHEW;3U1JH;7CS4;8TODP;C2ELX;DJWTL;E3C6N;F1FZZ;F6B3X,Channel Line;Drainageway;Surface Connector;Waterbody Connector,,,Authoritative 3DHP topology or a forward-directed same-feature HUC crossing provides physical geometry.
WTR-HUC-ROUTE-041000040501,041000040501,041000040502,2,official_3dhp_connector,False,USGS,migrated_nhd,high,REPLACED_AUTHORITATIVE_CONNECTOR,4I9JV;CC5CJ,Channel Line;Waterbody Connector,,,Authoritative 3DHP topology or a forward-directed same-feature crossing uses a non-watercourse connector class.
WTR-HUC-ROUTE-041000040503,041000040503,041000040504,1,physical_3dhp,True,USGS,migrated_nhd,high,REPLACED_PHYSICAL,2W602;QPZ9,Channel Line;Drainageway,,,Authoritative 3DHP topology or a forward-directed same-feature HUC crossing provides physical geometry.
WTR-HUC-ROUTE-041000040403,041000040403,041000040405,1,physical_3dhp,True,USGS,migrated_nhd,high,REPLACED_PHYSICAL,72H3M;G4FC6,Channel Line,,,Authoritative 3DHP topology or a forward-directed same-feature HUC crossing provides physical geometry.
WTR-HUC-ROUTE-041000040603,041000040603,041000040604,1,physical_3dhp,True,USGS,migrated_nhd,high,REPLACED_PHYSICAL,10EVL;3KCU7;4RXFG;77BFG;7LWTK;7QRLR;8F2DN;9MVUE;B4DVC;BXI4M;C2ENB;CVKN1;DTM3S;ED2Z5;EMTK0;G4EOY;GIYJB;H2GZI;QPYI,Canal;Channel Line;Drainageway;Hydro Unenforced Connector;Waterbody Connector,,,Authoritative 3DHP topology or a forward-directed same-feature HUC crossing provides physical geometry.
WTR-HUC-ROUTE-041000040402,041000040402,041000040405,1,physical_3dhp,True,USGS,migrated_nhd,high,REPLACED_PHYSICAL,1TG4U;5ZLDO;AKXJC;FZJD7;G4FC6,Channel Line;Drainageway,,,Authoritative 3DHP topology or a forward-directed same-feature HUC crossing provides physical geometry.
WTR-HUC-ROUTE-041000040404,041000040404,041000040405,1,physical_3dhp,True,USGS,migrated_nhd,high,REPLACED_PHYSICAL,35V8C;B4DU9;DA7AJ;ED3TD,Channel Line;Waterbody Connector,,,Authoritative 3DHP topology or a forward-directed same-feature HUC crossing provides physical geometry.
WTR-HUC-ROUTE-041000050101,041000050101,041000050102,1,physical_3dhp,True,USGS,migrated_nhd,high,REPLACED_PHYSICAL,1TNAD;3PF5Z;3U9BJ;4WZEL;7VUW8;BO0V6;E8EPA;EI5OH;F1NQT;FUUUY;QXUD,Channel Line;Drainageway;Hydro Unenforced Connector;Waterbody Connector,,,Authoritative 3DHP topology or a forward-directed same-feature HUC crossing provides physical geometry.
WTR-HUC-ROUTE-041000050102,041000050102,041000050103,1,physical_3dhp,True,USGS,migrated_nhd,high,REPLACED_PHYSICAL,10MR1;10MT3;1JYQR;1TNAL;1TNHP;2QM9;3AW60;3KKNJ;3PFC2;4NATY;56NOV;5L7IM;80Q0W;8FA96;AG9DG;AL500;B9FRR;DYP1V;FG9VM;FPZG4;FZQPQ;GEAUZ;GXSM6,Canal;Channel Line;Drainageway;Waterbody Connector,,,Authoritative 3DHP topology or a forward-directed same-feature HUC crossing provides physical geometry.
WTR-HUC-ROUTE-041000050103,041000050103,041000050105,1,physical_3dhp,True,USGS,migrated_nhd,high,REPLACED_PHYSICAL,1YH7L;362HU;3FQJU;3U9CZ;6XTI4;7QZDC;8AFHV;8K5YK;8TW6C;CVSJM;DF93K;G9G0T;G9G22;GSWSG;H7KJY,Canal;Channel Line;Drainageway;Waterbody Connector,,,Authoritative 3DHP topology or a forward-directed same-feature HUC crossing provides physical geometry.
WTR-HUC-ROUTE-041000050104,041000050104,041000050106,2,official_3dhp_connector,False,USGS,migrated_nhd,high,REPLACED_AUTHORITATIVE_CONNECTOR,6SYE3;7M4YZ,Channel Line;Waterbody Connector,,,Authoritative 3DHP topology or a forward-directed same-feature crossing uses a non-watercourse connector class.
WTR-HUC-ROUTE-041000050105,041000050105,041000050106,1,physical_3dhp,True,USGS,migrated_nhd,high,REPLACED_PHYSICAL,1ABCR;1ABDU;56NK6;56NPD;5UWQV;9N3LT;AUVJR;D0NOS;D5J40;DAEPA;DK41L;DTU3C;EN1BZ;FG9QE;FPZDW;H2OVP,Canal;Channel Line;Drainageway;Waterbody Connector,,,Authoritative 3DHP topology or a forward-directed same-feature HUC crossing provides physical geometry.
WTR-HUC-ROUTE-041000050106,041000050106,041000050202,1,physical_3dhp,True,USGS,migrated_nhd,high,REPLACED_PHYSICAL,3Z3H1;4WZKF;8TW2Y;9WT8P;BSVX3;DK40U,Channel Line;Waterbody Connector,,,Authoritative 3DHP topology or a forward-directed same-feature HUC crossing provides physical geometry.
WTR-HUC-ROUTE-041000040604,041000040604,041000040606,1,physical_3dhp,True,USGS,migrated_nhd,high,REPLACED_PHYSICAL,80IRB;AKXKE;B4DVC;CVKH4;DOQPQ,Channel Line;Drainageway;Waterbody Connector,,,Authoritative 3DHP topology or a forward-directed same-feature HUC crossing provides physical geometry.
WTR-HUC-ROUTE-041000030801,041000030801,041000030802,1,physical_3dhp,True,USGS,migrated_nhd,high,REPLACED_PHYSICAL,1TR16;2UVN;48VJ0;5BLKK;6XWV5;7M8IW;85OFF;9S1XJ;AGCWN;BXTK6;DP2P3;GXW0G;GXX13;HCDM;M7J0,Canal;Channel Line;Drainageway,,,Authoritative 3DHP topology or a forward-directed same-feature HUC crossing provides physical geometry.
WTR-HUC-ROUTE-041000030401,041000030401,041000030405,1,physical_3dhp,True,USGS,migrated_nhd,high,REPLACED_PHYSICAL,366KM;5GGQM;64RVW;85OGR;98M0E;AZUCT;CHBM0,Channel Line;Drainageway,,,Authoritative 3DHP topology or a forward-directed same-feature HUC crossing provides physical geometry.
WTR-HUC-ROUTE-041000030403,041000030403,041000030404,1,physical_3dhp,True,USGS,migrated_nhd,high,REPLACED_PHYSICAL,1OWJH;2D3PE;4DQT9;4NF42;56R79;7VYGG;80TMX;9WXAC;BO4G3;CR0N4;G4QCG;GT0XJ;H2T4A,Channel Line;Drainageway;Surface Connector;Waterbody Connector,,,Authoritative 3DHP topology or a forward-directed same-feature HUC crossing provides physical geometry.
WTR-HUC-ROUTE-041000030404,041000030404,041000030406,1,physical_3dhp,True,USGS,migrated_nhd,high,REPLACED_PHYSICAL,7NUS;BSZ85;C2QIP;R1XW,Channel Line;Drainageway,,,Authoritative 3DHP topology or a forward-directed same-feature HUC crossing provides physical geometry.
WTR-HUC-ROUTE-041000030601,041000030601,041000030602,1,physical_3dhp,True,USGS,migrated_nhd,high,REPLACED_PHYSICAL,366J3;8AJ7O;9DGL9,Channel Line;Drainageway,,,Authoritative 3DHP topology or a forward-directed same-feature HUC crossing provides physical geometry.
WTR-HUC-ROUTE-041000030602,041000030602,041000030604,1,physical_3dhp,True,USGS,migrated_nhd,high,REPLACED_PHYSICAL,2RMRP;AQ4V2;BJASW,Channel Line;Drainageway,,,Authoritative 3DHP topology or a forward-directed same-feature HUC crossing provides physical geometry.
WTR-HUC-ROUTE-041000030703,041000030703,041000030705,1,physical_3dhp,True,USGS,migrated_nhd,high,REPLACED_PHYSICAL,365YX;3B0HV;3PJR8;5BMJ8;69M3L;6JCF0;6T1WX;77MP8;80TXC;85OS4;9N78X;B9K84;BEFJ4;DYSGX;EI9IA;H2TGT,Canal;Channel Line;Drainageway;Surface Connector;Waterbody Connector,,,Authoritative 3DHP topology or a forward-directed same-feature HUC crossing provides physical geometry.
WTR-HUC-ROUTE-041000030704,041000030704,041000030705,1,physical_3dhp,True,USGS,migrated_nhd,high,REPLACED_PHYSICAL,77NQB;7HCU3;7HD4R;A6MPO;AZUX3;CHALT;CJ24;G9KI8,Channel Line;Drainageway;Waterbody Connector,,,Authoritative 3DHP topology or a forward-directed same-feature HUC crossing provides physical geometry.
WTR-HUC-ROUTE-041000030203,041000030203,041000030204,1,physical_3dhp,True,USGS,migrated_nhd,high,REPLACED_PHYSICAL,5EBTB;8YNYR,Channel Line,,,Authoritative 3DHP topology or a forward-directed same-feature HUC crossing provides physical geometry.
WTR-HUC-ROUTE-041000030402,041000030402,041000030405,1,physical_3dhp,True,USGS,migrated_nhd,high,REPLACED_PHYSICAL,1YL92;3KOGH;85PA1;8FEGF;8K9W3;8K9Y5;CHAYW,Channel Line;Drainageway;Surface Connector,,,Authoritative 3DHP topology or a forward-directed same-feature HUC crossing provides physical geometry.
WTR-HUC-ROUTE-041000030705,041000030705,041000030707,1,physical_3dhp,True,USGS,migrated_nhd,high,REPLACED_PHYSICAL,3PIQX;4DQ11;56RIZ;7OMK;9IBCH;A1S0W;B4OGR;D0R61;DAJ6C;F6N8S;G4QOM,Channel Line;Drainageway;Hydro Unenforced Connector;Waterbody Connector,,,Authoritative 3DHP topology or a forward-directed same-feature HUC crossing provides physical geometry.
WTR-HUC-ROUTE-041000090902,041000090902,041000090903,2,official_3dhp_connector,False,USGS,migrated_nhd,high,REPLACED_AUTHORITATIVE_CONNECTOR,3NE45,Waterbody Connector,,,Authoritative 3DHP topology or a forward-directed same-feature crossing uses a non-watercourse connector class.
WTR-HUC-ROUTE-041000090903,041000090903,041000090904,1,physical_nhdplus_hr_existing,True,USGS,migrated_nhd,high,ALREADY_REDUNDANT,1D3XS;4LA1K,Waterbody Connector,,,Released NHDPlus HR order >=3 topology already contains this HUC transition.
WTR-HUC-ROUTE-041000090204,041000090204,041000090206,1,physical_nhdplus_hr_existing,True,USGS,migrated_nhd,high,ALREADY_REDUNDANT,189W9;DI2L4,Channel Line;Waterbody Connector,,,Released NHDPlus HR order >=3 topology already contains this HUC transition.
WTR-HUC-ROUTE-041000090205,041000090205,041000090206,1,physical_nhdplus_hr_existing,True,USGS,migrated_nhd,high,ALREADY_REDUNDANT,5XQKO;G2KL9,Waterbody Connector,,,Released NHDPlus HR order >=3 topology already contains this HUC transition.
WTR-HUC-ROUTE-041000090206,041000090206,041000090207,1,physical_nhdplus_hr_existing,True,USGS,migrated_nhd,high,ALREADY_REDUNDANT,3IJNG;5XQKO;73UW3;B0WB3;E6D1J,Channel Line;Waterbody Connector,,,Released NHDPlus HR order >=3 topology already contains this HUC transition.
WTR-HUC-ROUTE-041000090207,041000090207,041000090403,1,physical_nhdplus_hr_existing,True,USGS,migrated_nhd,high,ALREADY_REDUNDANT,2UCRV;5J5WJ;CAAYK,Waterbody Connector,,,Released NHDPlus HR order >=3 topology already contains this HUC transition.
WTR-HUC-ROUTE-041000090301,041000090301,041000090302,1,physical_nhdplus_hr_existing,True,USGS,migrated_nhd,high,ALREADY_REDUNDANT,8WPZY;91KV1;H0N2A,Channel Line,,,Released NHDPlus HR order >=3 topology already contains this HUC transition.
WTR-HUC-ROUTE-041000090302,041000090302,041000090403,2,official_3dhp_connector,False,USGS,migrated_nhd,high,REPLACED_AUTHORITATIVE_CONNECTOR,4LA8O;BQU9W,Channel Line;Waterbody Connector,,,Authoritative 3DHP topology or a forward-directed same-feature crossing uses a non-watercourse connector class.
WTR-HUC-ROUTE-041000090401,041000090401,041000090402,1,physical_nhdplus_hr_existing,True,USGS,migrated_nhd,high,ALREADY_REDUNDANT,EG493;EPUF4,Channel Line,,,Released NHDPlus HR order >=3 topology already contains this HUC transition.
WTR-HUC-ROUTE-041000090402,041000090402,041000090403,3,project_inference,False,project / USGS WBD tohuc,,low,UNRESOLVED,,,complex_divergence,41000090207.0,The source HUC contains 3 native divergent flowline records and observed 3DHP transitions lead to 041000090207 rather than WBD target 041000090403. Retain the WBD relationship as abstract pending outlet-scale review.
WTR-HUC-ROUTE-041000090503,041000090503,041000090508,1,physical_nhdplus_hr_existing,True,USGS,migrated_nhd,high,ALREADY_REDUNDANT,96GJ9;EB8BW;F9C8A;FXP7M;GH45Q,Canal;Channel Line,,,Released NHDPlus HR order >=3 topology already contains this HUC transition.
WTR-HUC-ROUTE-041000090403,041000090403,041000090510,1,physical_nhdplus_hr_existing,True,USGS,migrated_nhd,high,ALREADY_REDUNDANT,BQU9W;F9CI4;GH44A,Waterbody Connector,,,Released NHDPlus HR order >=3 topology already contains this HUC transition.
WTR-HUC-ROUTE-041000090501,041000090501,041000090510,1,physical_nhdplus_hr_existing,True,USGS,migrated_nhd,high,ALREADY_REDUNDANT,1RM2B;B2JVV,Channel Line;Waterbody Connector,,,Released NHDPlus HR order >=3 topology already contains this HUC transition.
WTR-HUC-ROUTE-041000090502,041000090502,041000090503,1,physical_3dhp,True,USGS,migrated_nhd,high,REPLACED_PHYSICAL,4Q47O;5IRY;7OYE1;9G6JW;G7F4D,Canal;Channel Line,,,Authoritative 3DHP topology or a forward-directed same-feature HUC crossing provides physical geometry.
WTR-HUC-ROUTE-041000090504,041000090504,041000090506,1,physical_nhdplus_hr_existing,True,USGS,migrated_nhd,high,ALREADY_REDUNDANT,1WGDT;5EB8T,Channel Line,,,Released NHDPlus HR order >=3 topology already contains this HUC transition.
WTR-HUC-ROUTE-041000090505,041000090505,041000090506,1,physical_nhdplus_hr_existing,True,USGS,migrated_nhd,high,ALREADY_REDUNDANT,91KUR;EKZOZ,Channel Line;Waterbody Connector,,,Released NHDPlus HR order >=3 topology already contains this HUC transition.
WTR-HUC-ROUTE-041000090506,041000090506,041000090507,1,physical_nhdplus_hr_existing,True,USGS,migrated_nhd,high,ALREADY_REDUNDANT,9PWWS;EB8DD;EKZOZ,Waterbody Connector,,,Released NHDPlus HR order >=3 topology already contains this HUC transition.
WTR-HUC-ROUTE-041000090507,041000090507,041000090508,2,official_3dhp_connector,False,USGS,migrated_nhd,high,REPLACED_AUTHORITATIVE_CONNECTOR,4UYH8,Waterbody Connector,,,Authoritative 3DHP topology or a forward-directed same-feature crossing uses a non-watercourse connector class.
WTR-HUC-ROUTE-041000090508,041000090508,041000090509,1,physical_nhdplus_hr_existing,True,USGS,migrated_nhd,high,ALREADY_REDUNDANT,1WGH5;6M1BV,Waterbody Connector,,,Released NHDPlus HR order >=3 topology already contains this HUC transition.
WTR-HUC-ROUTE-041000090510,041000090510,041000090602,1,physical_nhdplus_hr_existing,True,USGS,migrated_nhd,high,ALREADY_REDUNDANT,38V1M;ASU71,Waterbody Connector,,,Released NHDPlus HR order >=3 topology already contains this HUC transition.
WTR-HUC-ROUTE-041000090509,041000090509,041000090510,2,official_3dhp_connector,False,USGS,migrated_nhd,high,REPLACED_AUTHORITATIVE_CONNECTOR,7TSUR,Waterbody Connector,,,Authoritative 3DHP topology or a forward-directed same-feature crossing uses a non-watercourse connector class.
WTR-HUC-ROUTE-041000090703,041000090703,041000090804,1,physical_nhdplus_hr_existing,True,USGS,migrated_nhd,high,ALREADY_REDUNDANT,7F7MN;F9C8E,Channel Line,,,Released NHDPlus HR order >=3 topology already contains this HUC transition.
WTR-HUC-ROUTE-041000090601,041000090601,041000090602,2,official_3dhp_connector,False,USGS,migrated_nhd,high,REPLACED_AUTHORITATIVE_CONNECTOR,DI2NF,Waterbody Connector,,,Authoritative 3DHP topology or a forward-directed same-feature crossing uses a non-watercourse connector class.
WTR-HUC-ROUTE-041000090602,041000090602,041000090603,1,physical_nhdplus_hr_existing,True,USGS,migrated_nhd,high,ALREADY_REDUNDANT,2UCF0;E6D0Q,Waterbody Connector,,,Released NHDPlus HR order >=3 topology already contains this HUC transition.
WTR-HUC-ROUTE-041000090603,041000090603,041000090903,1,physical_nhdplus_hr_existing,True,USGS,migrated_nhd,high,ALREADY_REDUNDANT,3417A;91KVK;COV7J;DRSAK,Channel Line;Waterbody Connector,,,Released NHDPlus HR order >=3 topology already contains this HUC transition.
WTR-HUC-ROUTE-041000090701,041000090701,041000090702,1,physical_3dhp,True,USGS,migrated_nhd,high,REPLACED_PHYSICAL,COVK7,Channel Line,,,Authoritative 3DHP topology or a forward-directed same-feature HUC crossing provides physical geometry.
WTR-HUC-ROUTE-041000090702,041000090702,041000090703,1,physical_nhdplus_hr_existing,True,USGS,migrated_nhd,high,ALREADY_REDUNDANT,6QWML;8MYK5,Channel Line,,,Released NHDPlus HR order >=3 topology already contains this HUC transition.
WTR-HUC-ROUTE-041000090801,041000090801,041000090802,1,physical_nhdplus_hr_existing,True,USGS,migrated_nhd,high,ALREADY_REDUNDANT,7TSST;DMWKZ;GLYNV,Channel Line,,,Released NHDPlus HR order >=3 topology already contains this HUC transition.
WTR-HUC-ROUTE-041000090802,041000090802,041000090804,1,physical_nhdplus_hr_existing,True,USGS,migrated_nhd,high,ALREADY_REDUNDANT,A4HUG;F9C8E,Channel Line,,,Released NHDPlus HR order >=3 topology already contains this HUC transition.
WTR-HUC-ROUTE-041000090803,041000090803,041000090804,1,physical_nhdplus_hr_existing,True,USGS,migrated_nhd,high,ALREADY_REDUNDANT,3X26Q;5EBLM,Channel Line,,,Released NHDPlus HR order >=3 topology already contains this HUC transition.
WTR-HUC-ROUTE-041000090804,041000090804,041000090904,1,physical_nhdplus_hr_existing,True,USGS,migrated_nhd,high,ALREADY_REDUNDANT,8RUIQ;9BC33,Waterbody Connector,,,Released NHDPlus HR order >=3 topology already contains this HUC transition.
WTR-HUC-ROUTE-041000090901,041000090901,041000090903,1,physical_nhdplus_hr_existing,True,USGS,migrated_nhd,high,ALREADY_REDUNDANT,7ACOR;88E8R,Channel Line;Waterbody Connector,,,Released NHDPlus HR order >=3 topology already contains this HUC transition.
WTR-HUC-ROUTE-041000030201,041000030201,041000030202,2,official_3dhp_connector,False,USGS,migrated_nhd,high,REPLACED_AUTHORITATIVE_CONNECTOR,1WGLH;EG4EX,Channel Line;Waterbody Connector,,,Authoritative 3DHP topology or a forward-directed same-feature crossing uses a non-watercourse connector class.
WTR-HUC-ROUTE-041000030104,041000030104,041000030106,1,physical_3dhp,True,USGS,migrated_nhd,high,REPLACED_PHYSICAL,62MBZ;COVRP,Channel Line,,,Authoritative 3DHP topology or a forward-directed same-feature HUC crossing provides physical geometry.
WTR-HUC-ROUTE-041000030106,041000030106,041000030302,2,official_3dhp_connector,False,USGS,migrated_nhd,high,REPLACED_AUTHORITATIVE_CONNECTOR,46RC5;EUQPQ;F9CQP,Waterbody Connector,,,Authoritative 3DHP topology or a forward-directed same-feature crossing uses a non-watercourse connector class.
WTR-HUC-ROUTE-041000030204,041000030204,041000030302,3,project_inference,False,project / USGS WBD tohuc,,low,UNRESOLVED,,,complex_divergence,41000030106.0,The source HUC contains 2 native divergent flowline records and observed 3DHP transitions lead to 041000030106 rather than WBD target 041000030302. Retain the WBD relationship as abstract pending outlet-scale review.
WTR-HUC-ROUTE-041000060201,041000060201,041000060202,1,physical_3dhp,True,USGS,migrated_nhd,high,REPLACED_PHYSICAL,AJ39Q;BH507;DRSBV,Channel Line,,,Authoritative 3DHP topology or a forward-directed same-feature HUC crossing provides physical geometry.
WTR-HUC-ROUTE-041000060202,041000060202,041000060205,1,physical_3dhp,True,USGS,migrated_nhd,high,REPLACED_PHYSICAL,6H6XR;852ZV;B7EUQ,Channel Line,,,Authoritative 3DHP topology or a forward-directed same-feature HUC crossing provides physical geometry.
WTR-HUC-ROUTE-041000060204,041000060204,041000060205,3,project_inference,False,project / USGS WBD tohuc,,low,UNRESOLVED,,,ambiguous_huc_outlet,41000060301.0,"Native 3DHP transitions assigned from 041000060204 lead to 041000060301 rather than WBD target 041000060205, and no forward same-feature crossing confirms the WBD pair. Retain it as an abstract routing relationship pending local outlet review."
WTR-HUC-ROUTE-041000030101,041000030101,041000030102,2,official_3dhp_connector,False,USGS,migrated_nhd,high,REPLACED_AUTHORITATIVE_CONNECTOR,1D4H0;9ZN3L,Channel Line;Waterbody Connector,,,Authoritative 3DHP topology or a forward-directed same-feature crossing uses a non-watercourse connector class.
WTR-HUC-ROUTE-041000030102,041000030102,041000030104,1,physical_3dhp,True,USGS,migrated_nhd,high,REPLACED_PHYSICAL,6CCCA;7AD5A;91LF0,Channel Line,,,Authoritative 3DHP topology or a forward-directed same-feature HUC crossing provides physical geometry.
WTR-HUC-ROUTE-041000030103,041000030103,041000030104,3,project_inference,False,project / USGS WBD tohuc,,low,UNRESOLVED,,,direction_conflict,41000030106.0,"A 3DHP feature intersects both 041000030103 (Laird Creek) and 041000030104 (Bird Creek-East Branch Saint Joseph River), but its documented digitized direction runs opposite the WBD tohuc relationship. The WBD edge is retained as abstract pending local outlet review."
WTR-HUC-ROUTE-041000030105,041000030105,041000030106,2,official_3dhp_connector,False,USGS,migrated_nhd,high,REPLACED_AUTHORITATIVE_CONNECTOR,54MUJ;6QWOP,Channel Line;Waterbody Connector,,,Authoritative 3DHP topology or a forward-directed same-feature crossing uses a non-watercourse connector class.
WTR-HUC-ROUTE-041000030202,041000030202,041000030204,1,physical_3dhp,True,USGS,migrated_nhd,high,REPLACED_PHYSICAL,3NE65;5EBTB,Channel Line,,,Authoritative 3DHP topology or a forward-directed same-feature HUC crossing provides physical geometry.
WTR-HUC-ROUTE-041000060101,041000060101,041000060102,1,physical_3dhp,True,USGS,migrated_nhd,high,REPLACED_PHYSICAL,8WQ4W;CF5S2,Channel Line,,,Authoritative 3DHP topology or a forward-directed same-feature HUC crossing provides physical geometry.
WTR-HUC-ROUTE-041000060102,041000060102,041000060103,1,physical_3dhp,True,USGS,migrated_nhd,high,REPLACED_PHYSICAL,2KNX7;3DP9V;8WQ4W,Channel Line,,,Authoritative 3DHP topology or a forward-directed same-feature HUC crossing provides physical geometry.
WTR-HUC-ROUTE-041000060103,041000060103,041000060104,1,physical_3dhp,True,USGS,migrated_nhd,high,REPLACED_PHYSICAL,7TTCR;EZMG8,Channel Line,,,Authoritative 3DHP topology or a forward-directed same-feature HUC crossing provides physical geometry.
WTR-HUC-ROUTE-041000060104,041000060104,041000060106,1,physical_3dhp,True,USGS,migrated_nhd,high,REPLACED_PHYSICAL,2FTKL;5J6DU;6QWO8;7TTCR;A4HYF,Canal;Channel Line;Waterbody Connector,,,Authoritative 3DHP topology or a forward-directed same-feature HUC crossing provides physical geometry.
WTR-HUC-ROUTE-041000060105,041000060105,041000060106,1,physical_3dhp,True,USGS,migrated_nhd,high,REPLACED_PHYSICAL,F9CQ3,Channel Line,,,Authoritative 3DHP topology or a forward-directed same-feature HUC crossing provides physical geometry.
WTR-HUC-ROUTE-041000060106,041000060106,041000060201,1,physical_3dhp,True,USGS,migrated_nhd,high,REPLACED_PHYSICAL,EG4FP;YLRR,Channel Line,,,Authoritative 3DHP topology or a forward-directed same-feature HUC crossing provides physical geometry.
WTR-HUC-ROUTE-041000030303,041000030303,041000030304,3,project_inference,False,project / USGS WBD tohuc,,low,UNRESOLVED,,,ambiguous_huc_outlet,41000030306.0,"Native 3DHP transitions assigned from 041000030303 lead to 041000030306 rather than WBD target 041000030304, and no forward same-feature crossing confirms the WBD pair. Retain it as an abstract routing relationship pending local outlet review."
WTR-HUC-ROUTE-041000040104,041000040104,041000040106,2,official_3dhp_connector,False,USGS,migrated_nhd,high,REPLACED_AUTHORITATIVE_CONNECTOR,264LP;3LRA2;5W3NP;8RUOX,Waterbody Connector,,,Authoritative 3DHP topology or a forward-directed same-feature crossing uses a non-watercourse connector class.
WTR-HUC-ROUTE-041000030302,041000030302,041000030304,2,official_3dhp_connector,False,USGS,migrated_nhd,high,REPLACED_AUTHORITATIVE_CONNECTOR,7F86I;9BC4K,Waterbody Connector,,,Authoritative 3DHP topology or a forward-directed same-feature crossing uses a non-watercourse connector class.
WTR-HUC-ROUTE-041000030304,041000030304,041000030306,2,official_3dhp_connector,False,USGS,migrated_nhd,high,REPLACED_AUTHORITATIVE_CONNECTOR,CYLO4;FST3I,Waterbody Connector,,,Authoritative 3DHP topology or a forward-directed same-feature crossing uses a non-watercourse connector class.
WTR-HUC-ROUTE-041000030306,041000030306,041000030501,2,official_3dhp_connector,False,USGS,migrated_nhd,high,REPLACED_AUTHORITATIVE_CONNECTOR,2AYVE;83JNB;FXPE5,Waterbody Connector,,,Authoritative 3DHP topology or a forward-directed same-feature crossing uses a non-watercourse connector class.
WTR-HUC-ROUTE-041000030501,041000030501,041000030503,2,official_3dhp_connector,False,USGS,migrated_nhd,high,REPLACED_AUTHORITATIVE_CONNECTOR,A4HX6;CF5QU,Waterbody Connector,,,Authoritative 3DHP topology or a forward-directed same-feature crossing uses a non-watercourse connector class.
WTR-HUC-ROUTE-041000030503,041000030503,041000030505,2,official_3dhp_connector,False,USGS,migrated_nhd,high,REPLACED_AUTHORITATIVE_CONNECTOR,1D4FE;3PJMA;G2L3J,Waterbody Connector,,,Authoritative 3DHP topology or a forward-directed same-feature crossing uses a non-watercourse connector class.
WTR-HUC-ROUTE-041000040101,041000040101,041000040103,1,physical_3dhp,True,USGS,migrated_nhd,high,REPLACED_PHYSICAL,DI2QI;K2QV,Channel Line,,,Authoritative 3DHP topology or a forward-directed same-feature HUC crossing provides physical geometry.
WTR-HUC-ROUTE-041000040102,041000040102,041000040103,3,project_inference,False,project / USGS WBD tohuc,,low,UNRESOLVED,,,ambiguous_huc_outlet,41000040106.0,"Native 3DHP transitions assigned from 041000040102 lead to 041000040106 rather than WBD target 041000040103, and no forward same-feature crossing confirms the WBD pair. Retain it as an abstract routing relationship pending local outlet review."
WTR-HUC-ROUTE-041000040103,041000040103,041000040106,1,physical_3dhp,True,USGS,migrated_nhd,high,REPLACED_PHYSICAL,A9DCF;F2U9V,Channel Line,,,Authoritative 3DHP topology or a forward-directed same-feature HUC crossing provides physical geometry.
WTR-HUC-ROUTE-041000040202,041000040202,041000040205,2,official_3dhp_connector,False,USGS,migrated_nhd,high,REPLACED_AUTHORITATIVE_CONNECTOR,B2JYP;EG4E2,Waterbody Connector,,,Authoritative 3DHP topology or a forward-directed same-feature crossing uses a non-watercourse connector class.
WTR-HUC-ROUTE-041000040105,041000040105,041000040106,2,official_3dhp_connector,False,USGS,migrated_nhd,high,REPLACED_AUTHORITATIVE_CONNECTOR,8I4AG;DWNVA,Channel Line;Waterbody Connector,,,Authoritative 3DHP topology or a forward-directed same-feature crossing uses a non-watercourse connector class.
WTR-HUC-ROUTE-041000040106,041000040106,041000040205,2,official_3dhp_connector,False,USGS,migrated_nhd,high,REPLACED_AUTHORITATIVE_CONNECTOR,5J6FA;8I4AG;DI2R7,Waterbody Connector,,,Authoritative 3DHP topology or a forward-directed same-feature crossing uses a non-watercourse connector class.
WTR-HUC-ROUTE-041000040201,041000040201,041000040205,2,official_3dhp_connector,False,USGS,migrated_nhd,high,REPLACED_AUTHORITATIVE_CONNECTOR,FE88F;G2L2Z,Waterbody Connector,,,Authoritative 3DHP topology or a forward-directed same-feature crossing uses a non-watercourse connector class.
WTR-HUC-ROUTE-041000040203,041000040203,041000040204,1,physical_3dhp,True,USGS,migrated_nhd,high,REPLACED_PHYSICAL,C5GEX;FNYDV,Channel Line,,,Authoritative 3DHP topology or a forward-directed same-feature HUC crossing provides physical geometry.
WTR-HUC-ROUTE-041000040204,041000040204,041000040205,2,official_3dhp_connector,False,USGS,migrated_nhd,high,REPLACED_AUTHORITATIVE_CONNECTOR,BQUCY,Waterbody Connector,,,Authoritative 3DHP topology or a forward-directed same-feature crossing uses a non-watercourse connector class.
WTR-HUC-ROUTE-041000040205,041000040205,041000040303,2,official_3dhp_connector,False,USGS,migrated_nhd,high,REPLACED_AUTHORITATIVE_CONNECTOR,BVP2N;H0N9C,Waterbody Connector,,,Authoritative 3DHP topology or a forward-directed same-feature crossing uses a non-watercourse connector class.
WTR-HUC-ROUTE-041000040301,041000040301,041000040302,1,physical_3dhp,True,USGS,migrated_nhd,high,REPLACED_PHYSICAL,13G4G;FJ341,Channel Line,,,Authoritative 3DHP topology or a forward-directed same-feature HUC crossing provides physical geometry.
WTR-HUC-ROUTE-041000040303,041000040303,041000040305,2,official_3dhp_connector,False,USGS,migrated_nhd,high,REPLACED_AUTHORITATIVE_CONNECTOR,8WQ5U;DI2RA,Waterbody Connector,,,Authoritative 3DHP topology or a forward-directed same-feature crossing uses a non-watercourse connector class.
WTR-HUC-ROUTE-041000050205,041000050205,041000050207,2,official_3dhp_connector,False,USGS,migrated_nhd,high,REPLACED_AUTHORITATIVE_CONNECTOR,70NGL;9BC4T;FXPEE,Waterbody Connector,,,Authoritative 3DHP topology or a forward-directed same-feature crossing uses a non-watercourse connector class.
WTR-HUC-ROUTE-041000050206,041000050206,041000050207,2,official_3dhp_connector,False,USGS,migrated_nhd,high,REPLACED_AUTHORITATIVE_CONNECTOR,3X2CO;88ESD,Channel Line;Waterbody Connector,,,Authoritative 3DHP topology or a forward-directed same-feature crossing uses a non-watercourse connector class.
WTR-HUC-ROUTE-041000050207,041000050207,041000050208,2,official_3dhp_connector,False,USGS,migrated_nhd,high,REPLACED_AUTHORITATIVE_CONNECTOR,1WGLG;DRSBP;EPUXI,Waterbody Connector,,,Authoritative 3DHP topology or a forward-directed same-feature crossing uses a non-watercourse connector class.
WTR-HUC-ROUTE-041000050208,041000050208,041000090201,2,official_3dhp_connector,False,USGS,migrated_nhd,high,REPLACED_AUTHORITATIVE_CONNECTOR,1Q8LK;91L72,Waterbody Connector,,,Authoritative 3DHP topology or a forward-directed same-feature crossing uses a non-watercourse connector class.
WTR-HUC-ROUTE-041000060203,041000060203,041000060205,2,official_3dhp_connector,False,USGS,migrated_nhd,high,REPLACED_AUTHORITATIVE_CONNECTOR,49UJ1;6U140;B7EUI;D8CZP,Channel Line;Waterbody Connector,,,Authoritative 3DHP topology or a forward-directed same-feature crossing uses a non-watercourse connector class.
WTR-HUC-ROUTE-041000060205,041000060205,041000060301,2,official_3dhp_connector,False,USGS,migrated_nhd,high,REPLACED_AUTHORITATIVE_CONNECTOR,FJ34B;GC9ZC,Waterbody Connector,,,Authoritative 3DHP topology or a forward-directed same-feature crossing uses a non-watercourse connector class.
WTR-HUC-ROUTE-041000060301,041000060301,041000060303,2,official_3dhp_connector,False,USGS,migrated_nhd,high,REPLACED_AUTHORITATIVE_CONNECTOR,AE7F;B7EU5;FST1W;H0N8T,Channel Line;Waterbody Connector,,,Authoritative 3DHP topology or a forward-directed same-feature crossing uses a non-watercourse connector class.
WTR-HUC-ROUTE-041000060603,041000060603,041000060604,2,official_3dhp_connector,False,USGS,migrated_nhd,high,REPLACED_AUTHORITATIVE_CONNECTOR,BH50L;CTR5U,Channel Line;Waterbody Connector,,,Authoritative 3DHP topology or a forward-directed same-feature crossing uses a non-watercourse connector class.
WTR-HUC-ROUTE-041000070102,041000070102,041000070103,3,project_inference,False,project / USGS WBD tohuc,,low,UNRESOLVED,,,ambiguous_huc_outlet,41000070105.0,"Native 3DHP transitions assigned from 041000070102 lead to 041000070105 rather than WBD target 041000070103, and no forward same-feature crossing confirms the WBD pair. Retain it as an abstract routing relationship pending local outlet review."
WTR-HUC-ROUTE-041000060604,041000060604,041000090201,2,official_3dhp_connector,False,USGS,migrated_nhd,high,REPLACED_AUTHORITATIVE_CONNECTOR,1WGKP;FST1Z,Waterbody Connector,,,Authoritative 3DHP topology or a forward-directed same-feature crossing uses a non-watercourse connector class.
WTR-HUC-ROUTE-041000070101,041000070101,041000070103,1,physical_3dhp,True,USGS,migrated_nhd,high,REPLACED_PHYSICAL,1D4EJ;46RAU;7OYE5,Channel Line,,,Authoritative 3DHP topology or a forward-directed same-feature HUC crossing provides physical geometry.
WTR-HUC-ROUTE-041000070103,041000070103,041000070105,2,official_3dhp_connector,False,USGS,migrated_nhd,high,REPLACED_AUTHORITATIVE_CONNECTOR,7K3OB;GH4P4,Waterbody Connector,,,Authoritative 3DHP topology or a forward-directed same-feature crossing uses a non-watercourse connector class.
WTR-HUC-ROUTE-041000070104,041000070104,041000070105,2,official_3dhp_connector,False,USGS,migrated_nhd,high,REPLACED_AUTHORITATIVE_CONNECTOR,21AC5;2AYX0,Channel Line;Waterbody Connector,,,Authoritative 3DHP topology or a forward-directed same-feature crossing uses a non-watercourse connector class.
WTR-HUC-ROUTE-041000070105,041000070105,041000070202,2,official_3dhp_connector,False,USGS,migrated_nhd,high,REPLACED_AUTHORITATIVE_CONNECTOR,21AC5;7OYG6;OX3B,Waterbody Connector,,,Authoritative 3DHP topology or a forward-directed same-feature crossing uses a non-watercourse connector class.
WTR-HUC-ROUTE-041000070201,041000070201,041000070202,2,official_3dhp_connector,False,USGS,migrated_nhd,high,REPLACED_AUTHORITATIVE_CONNECTOR,FST2U,Waterbody Connector,,,Authoritative 3DHP topology or a forward-directed same-feature crossing uses a non-watercourse connector class.
WTR-HUC-ROUTE-041000070202,041000070202,041000070203,2,official_3dhp_connector,False,USGS,migrated_nhd,high,REPLACED_AUTHORITATIVE_CONNECTOR,COVR4;D3H86,Waterbody Connector,,,Authoritative 3DHP topology or a forward-directed same-feature crossing uses a non-watercourse connector class.
WTR-HUC-ROUTE-041000070203,041000070203,041000070204,2,official_3dhp_connector,False,USGS,migrated_nhd,high,REPLACED_AUTHORITATIVE_CONNECTOR,18AC6;9PXCD;C0KXU;F4HCZ,Channel Line;Waterbody Connector,,,Authoritative 3DHP topology or a forward-directed same-feature crossing uses a non-watercourse connector class.
WTR-HUC-ROUTE-041000070204,041000070204,041000070904,2,official_3dhp_connector,False,USGS,migrated_nhd,high,REPLACED_AUTHORITATIVE_CONNECTOR,54MSV;9BC1M;F9CQQ;FE856,Channel Line;Waterbody Connector,,,Authoritative 3DHP topology or a forward-directed same-feature crossing uses a non-watercourse connector class.
WTR-HUC-ROUTE-041000070306,041000070306,041000070402,2,official_3dhp_connector,False,USGS,migrated_nhd,high,REPLACED_AUTHORITATIVE_CONNECTOR,2AYUY;3DPAF;8WQ5W,Waterbody Connector,,,Authoritative 3DHP topology or a forward-directed same-feature crossing uses a non-watercourse connector class.
WTR-HUC-ROUTE-041000070501,041000070501,041000070503,2,official_3dhp_connector,False,USGS,migrated_nhd,high,REPLACED_AUTHORITATIVE_CONNECTOR,5SVUS;AXP3E,Channel Line;Waterbody Connector,,,Authoritative 3DHP topology or a forward-directed same-feature crossing uses a non-watercourse connector class.
WTR-HUC-ROUTE-041000070304,041000070304,041000070306,2,official_3dhp_connector,False,USGS,migrated_nhd,high,REPLACED_AUTHORITATIVE_CONNECTOR,41WUQ;GC9VP,Waterbody Connector,,,Authoritative 3DHP topology or a forward-directed same-feature crossing uses a non-watercourse connector class.
WTR-HUC-ROUTE-041000070301,041000070301,041000070302,1,physical_3dhp,True,USGS,migrated_nhd,high,REPLACED_PHYSICAL,4ZSPT;ASU8Q;D8CY3,Channel Line,,,Authoritative 3DHP topology or a forward-directed same-feature HUC crossing provides physical geometry.
WTR-HUC-ROUTE-041000070302,041000070302,041000070304,1,physical_3dhp,True,USGS,migrated_nhd,high,REPLACED_PHYSICAL,8RUNS;9L2DR;BVP19,Channel Line,,,Authoritative 3DHP topology or a forward-directed same-feature HUC crossing provides physical geometry.
WTR-HUC-ROUTE-041000070303,041000070303,041000070304,1,physical_3dhp,True,USGS,migrated_nhd,high,REPLACED_PHYSICAL,ANYVV,Channel Line,,,Authoritative 3DHP topology or a forward-directed same-feature HUC crossing provides physical geometry.
WTR-HUC-ROUTE-041000070305,041000070305,041000070306,2,official_3dhp_connector,False,USGS,migrated_nhd,high,REPLACED_AUTHORITATIVE_CONNECTOR,2PIHL;C5GGJ,Channel Line;Waterbody Connector,,,Authoritative 3DHP topology or a forward-directed same-feature crossing uses a non-watercourse connector class.
WTR-HUC-ROUTE-041000070401,041000070401,041000070402,3,project_inference,False,project / USGS WBD tohuc,,low,UNRESOLVED,,,ambiguous_huc_outlet,41000070306.0,"Native 3DHP transitions assigned from 041000070401 lead to 041000070306 rather than WBD target 041000070402, and no forward same-feature crossing confirms the WBD pair. Retain it as an abstract routing relationship pending local outlet review."
WTR-HUC-ROUTE-041000070402,041000070402,041000070406,2,official_3dhp_connector,False,USGS,migrated_nhd,high,REPLACED_AUTHORITATIVE_CONNECTOR,54MTO;6VS07,Waterbody Connector,,,Authoritative 3DHP topology or a forward-directed same-feature crossing uses a non-watercourse connector class.
WTR-HUC-ROUTE-041000070403,041000070403,041000070406,2,official_3dhp_connector,False,USGS,migrated_nhd,high,REPLACED_AUTHORITATIVE_CONNECTOR,7AD3Q;CMIDA,Channel Line;Waterbody Connector,,,Authoritative 3DHP topology or a forward-directed same-feature crossing uses a non-watercourse connector class.
WTR-HUC-ROUTE-041000070404,041000070404,041000070406,2,official_3dhp_connector,False,USGS,migrated_nhd,high,REPLACED_AUTHORITATIVE_CONNECTOR,4LA92;9PXET,Channel Line;Waterbody Connector,,,Authoritative 3DHP topology or a forward-directed same-feature crossing uses a non-watercourse connector class.
WTR-HUC-ROUTE-041000070405,041000070405,041000070406,2,official_3dhp_connector,False,USGS,migrated_nhd,high,REPLACED_AUTHORITATIVE_CONNECTOR,EL03K;GJMDE,Channel Line;Waterbody Connector,,,Authoritative 3DHP topology or a forward-directed same-feature crossing uses a non-watercourse connector class.
WTR-HUC-ROUTE-041000070406,041000070406,041000070503,2,official_3dhp_connector,False,USGS,migrated_nhd,high,REPLACED_AUTHORITATIVE_CONNECTOR,4LA7P;F9CQN,Waterbody Connector,,,Authoritative 3DHP topology or a forward-directed same-feature crossing uses a non-watercourse connector class.
WTR-HUC-ROUTE-041000070502,041000070502,041000070503,2,official_3dhp_connector,False,USGS,migrated_nhd,high,REPLACED_AUTHORITATIVE_CONNECTOR,2PIFZ;2UCWY,Channel Line;Waterbody Connector,,,Authoritative 3DHP topology or a forward-directed same-feature crossing uses a non-watercourse connector class.
WTR-HUC-ROUTE-041000070905,041000070905,041000070907,2,official_3dhp_connector,False,USGS,migrated_nhd,high,REPLACED_AUTHORITATIVE_CONNECTOR,5EBPR;FST3V;GVQDZ,Waterbody Connector,,,Authoritative 3DHP topology or a forward-directed same-feature crossing uses a non-watercourse connector class.
WTR-HUC-ROUTE-041000070906,041000070906,041000070907,1,physical_3dhp,True,USGS,migrated_nhd,high,REPLACED_PHYSICAL,62MBI;7TTBE;DWNR6;FNYDT,Channel Line;Waterbody Connector,,,Authoritative 3DHP topology or a forward-directed same-feature HUC crossing provides physical geometry.
WTR-HUC-ROUTE-041000080501,041000080501,041000080502,2,official_3dhp_connector,False,USGS,migrated_nhd,high,REPLACED_AUTHORITATIVE_CONNECTOR,BH4YF;D8CXH,Waterbody Connector,,,Authoritative 3DHP topology or a forward-directed same-feature crossing uses a non-watercourse connector class.
WTR-HUC-ROUTE-041000080502,041000080502,041000080506,2,official_3dhp_connector,False,USGS,migrated_nhd,high,REPLACED_AUTHORITATIVE_CONNECTOR,2AYSI;7F82J,Channel Line;Waterbody Connector,,,Authoritative 3DHP topology or a forward-directed same-feature crossing uses a non-watercourse connector class.
WTR-HUC-ROUTE-041000080503,041000080503,041000080506,2,official_3dhp_connector,False,USGS,migrated_nhd,high,REPLACED_AUTHORITATIVE_CONNECTOR,88EQV;EUQMZ,Channel Line;Waterbody Connector,,,Authoritative 3DHP topology or a forward-directed same-feature crossing uses a non-watercourse connector class.
WTR-HUC-ROUTE-041000070804,041000070804,041000070805,1,physical_3dhp,True,USGS,migrated_nhd,high,REPLACED_PHYSICAL,1RMKG;GVQDG,Channel Line,,,Authoritative 3DHP topology or a forward-directed same-feature HUC crossing provides physical geometry.
WTR-HUC-ROUTE-041000070805,041000070805,041000070806,2,official_3dhp_connector,False,USGS,migrated_nhd,high,REPLACED_AUTHORITATIVE_CONNECTOR,EZMG1;F4HCM,Waterbody Connector,,,Authoritative 3DHP topology or a forward-directed same-feature crossing uses a non-watercourse connector class.
WTR-HUC-ROUTE-041000060402,041000060402,041000060404,1,physical_3dhp,True,USGS,migrated_nhd,high,REPLACED_PHYSICAL,BH51X;CAB00;CTR5V,Channel Line,,,Authoritative 3DHP topology or a forward-directed same-feature HUC crossing provides physical geometry.
WTR-HUC-ROUTE-041000060302,041000060302,041000060303,2,official_3dhp_connector,False,USGS,migrated_nhd,high,REPLACED_AUTHORITATIVE_CONNECTOR,GH4NP,Waterbody Connector,,,Authoritative 3DHP topology or a forward-directed same-feature crossing uses a non-watercourse connector class.
WTR-HUC-ROUTE-041000060303,041000060303,041000060503,2,official_3dhp_connector,False,USGS,migrated_nhd,high,REPLACED_AUTHORITATIVE_CONNECTOR,4Q4FN;96GLB,Waterbody Connector,,,Authoritative 3DHP topology or a forward-directed same-feature crossing uses a non-watercourse connector class.
WTR-HUC-ROUTE-041000060401,041000060401,041000060402,1,physical_3dhp,True,USGS,migrated_nhd,high,REPLACED_PHYSICAL,264LR;5J6EO;C0KXB,Channel Line,,,Authoritative 3DHP topology or a forward-directed same-feature HUC crossing provides physical geometry.
WTR-HUC-ROUTE-041000060403,041000060403,041000060404,1,physical_3dhp,True,USGS,migrated_nhd,high,REPLACED_PHYSICAL,1RMJV;59HKU,Channel Line,,,Authoritative 3DHP topology or a forward-directed same-feature HUC crossing provides physical geometry.
WTR-HUC-ROUTE-041000060404,041000060404,041000060504,2,official_3dhp_connector,False,USGS,migrated_nhd,high,REPLACED_AUTHORITATIVE_CONNECTOR,1MSDM;21AG6,Channel Line;Waterbody Connector,,,Authoritative 3DHP topology or a forward-directed same-feature crossing uses a non-watercourse connector class.
WTR-HUC-ROUTE-041000060501,041000060501,041000060503,2,official_3dhp_connector,False,USGS,migrated_nhd,high,REPLACED_AUTHORITATIVE_CONNECTOR,6H6Y9;7RGB5,Channel Line;Waterbody Connector,,,Authoritative 3DHP topology or a forward-directed same-feature crossing uses a non-watercourse connector class.
WTR-HUC-ROUTE-041000060502,041000060502,041000060503,2,official_3dhp_connector,False,USGS,migrated_nhd,high,REPLACED_AUTHORITATIVE_CONNECTOR,41WYW;83JOM,Channel Line;Waterbody Connector,,,Authoritative 3DHP topology or a forward-directed same-feature crossing uses a non-watercourse connector class.
WTR-HUC-ROUTE-041000060503,041000060503,041000060504,2,official_3dhp_connector,False,USGS,migrated_nhd,high,REPLACED_AUTHORITATIVE_CONNECTOR,2AYXF;41WYW;6QWP2,Waterbody Connector,,,Authoritative 3DHP topology or a forward-directed same-feature crossing uses a non-watercourse connector class.
WTR-HUC-ROUTE-041000060504,041000060504,041000060604,2,official_3dhp_connector,False,USGS,migrated_nhd,high,REPLACED_AUTHORITATIVE_CONNECTOR,1MSDM;9BC4J;D8CYC,Waterbody Connector,,,Authoritative 3DHP topology or a forward-directed same-feature crossing uses a non-watercourse connector class.
WTR-HUC-ROUTE-041000060601,041000060601,041000060602,1,physical_3dhp,True,USGS,migrated_nhd,high,REPLACED_PHYSICAL,3S8AH;F9CQ1,Channel Line,,,Authoritative 3DHP topology or a forward-directed same-feature HUC crossing provides physical geometry.
WTR-HUC-ROUTE-041000070603,041000070603,041000070604,2,official_3dhp_connector,False,USGS,migrated_nhd,high,REPLACED_AUTHORITATIVE_CONNECTOR,2PIHO;9BC5B;K2Q4,Waterbody Connector,,,Authoritative 3DHP topology or a forward-directed same-feature crossing uses a non-watercourse connector class.
WTR-HUC-ROUTE-041000070503,041000070503,041000070904,2,official_3dhp_connector,False,USGS,migrated_nhd,high,REPLACED_AUTHORITATIVE_CONNECTOR,H0N5G,Waterbody Connector,,,Authoritative 3DHP topology or a forward-directed same-feature crossing uses a non-watercourse connector class.
WTR-HUC-ROUTE-041000070601,041000070601,041000070602,1,physical_3dhp,True,USGS,migrated_nhd,high,REPLACED_PHYSICAL,5J6FE;AXP1V;H5IWK,Channel Line,,,Authoritative 3DHP topology or a forward-directed same-feature HUC crossing provides physical geometry.
WTR-HUC-ROUTE-041000070602,041000070602,041000070603,1,physical_3dhp,True,USGS,migrated_nhd,high,REPLACED_PHYSICAL,BVP0H;DMX2E;EPUYB,Channel Line,,,Authoritative 3DHP topology or a forward-directed same-feature HUC crossing provides physical geometry.
WTR-HUC-ROUTE-041000070604,041000070604,041000070806,1,physical_3dhp,True,USGS,migrated_nhd,high,REPLACED_PHYSICAL,3NE28;6M1GZ;6VS16;7K3S5,Canal;Channel Line;Waterbody Connector,,,Authoritative 3DHP topology or a forward-directed same-feature HUC crossing provides physical geometry.
WTR-HUC-ROUTE-041000071003,041000071003,041000071004,1,physical_3dhp,True,USGS,migrated_nhd,high,REPLACED_PHYSICAL,2KNU1;8MZ1X;B2JYQ,Channel Line,,,Authoritative 3DHP topology or a forward-directed same-feature HUC crossing provides physical geometry.
WTR-HUC-ROUTE-041000070701,041000070701,041000070703,1,physical_3dhp,True,USGS,migrated_nhd,high,REPLACED_PHYSICAL,8D92J;CAAZT,Channel Line,,,Authoritative 3DHP topology or a forward-directed same-feature HUC crossing provides physical geometry.
WTR-HUC-ROUTE-041000070702,041000070702,041000070703,1,physical_3dhp,True,USGS,migrated_nhd,high,REPLACED_PHYSICAL,BVP0G;H0N94,Channel Line,,,Authoritative 3DHP topology or a forward-directed same-feature HUC crossing provides physical geometry.
WTR-HUC-ROUTE-041000070703,041000070703,041000070806,2,official_3dhp_connector,False,USGS,migrated_nhd,high,REPLACED_AUTHORITATIVE_CONNECTOR,7YOJP;8MZ0Z,Channel Line;Waterbody Connector,,,Authoritative 3DHP topology or a forward-directed same-feature crossing uses a non-watercourse connector class.
WTR-HUC-ROUTE-041000070801,041000070801,041000070806,2,official_3dhp_connector,False,USGS,migrated_nhd,high,REPLACED_AUTHORITATIVE_CONNECTOR,2UCUD;3NE28,Waterbody Connector,,,Authoritative 3DHP topology or a forward-directed same-feature crossing uses a non-watercourse connector class.
WTR-HUC-ROUTE-041000070802,041000070802,041000070804,1,physical_3dhp,True,USGS,migrated_nhd,high,REPLACED_PHYSICAL,9ZN3O;A9DA7;FNYAR,Channel Line,,,Authoritative 3DHP topology or a forward-directed same-feature HUC crossing provides physical geometry.
WTR-HUC-ROUTE-041000071004,041000071004,041000071005,1,physical_3dhp,True,USGS,migrated_nhd,high,REPLACED_PHYSICAL,1WGKS;9G6RV;G2L2M;GLZ3P;OX39,Channel Line;Waterbody Connector,,,Authoritative 3DHP topology or a forward-directed same-feature HUC crossing provides physical geometry.
WTR-HUC-ROUTE-041000070907,041000070907,041000071005,2,official_3dhp_connector,False,USGS,migrated_nhd,high,REPLACED_AUTHORITATIVE_CONNECTOR,F4HBN;G7F76,Waterbody Connector,,,Authoritative 3DHP topology or a forward-directed same-feature crossing uses a non-watercourse connector class.
WTR-HUC-ROUTE-041000071001,041000071001,041000071002,3,project_inference,False,project / USGS WBD tohuc,,low,UNRESOLVED,,,complex_divergence,41000071003.0,The source HUC contains 1 native divergent flowline record and observed 3DHP transitions lead to 041000071003 rather than WBD target 041000071002. Retain the WBD relationship as abstract pending outlet-scale review.
WTR-HUC-ROUTE-041000071005,041000071005,041000071209,2,official_3dhp_connector,False,USGS,migrated_nhd,high,REPLACED_AUTHORITATIVE_CONNECTOR,8RUON;CK0EX,Waterbody Connector,,,Authoritative 3DHP topology or a forward-directed same-feature crossing uses a non-watercourse connector class.
WTR-HUC-ROUTE-041000071101,041000071101,041000071102,1,physical_3dhp,True,USGS,migrated_nhd,high,REPLACED_PHYSICAL,9G6RQ,Channel Line,,,Authoritative 3DHP topology or a forward-directed same-feature HUC crossing provides physical geometry.
WTR-HUC-ROUTE-041000080506,041000080506,041000080602,2,official_3dhp_connector,False,USGS,migrated_nhd,high,REPLACED_AUTHORITATIVE_CONNECTOR,8RUKP;BCA8N,Waterbody Connector,,,Authoritative 3DHP topology or a forward-directed same-feature crossing uses a non-watercourse connector class.
WTR-HUC-ROUTE-041000080504,041000080504,041000080506,2,official_3dhp_connector,False,USGS,migrated_nhd,high,REPLACED_AUTHORITATIVE_CONNECTOR,9L29Z;EG4CY,Channel Line;Waterbody Connector,,,Authoritative 3DHP topology or a forward-directed same-feature crossing uses a non-watercourse connector class.
WTR-HUC-ROUTE-041000080505,041000080505,041000080506,2,official_3dhp_connector,False,USGS,migrated_nhd,high,REPLACED_AUTHORITATIVE_CONNECTOR,9ZN00;GVQCK,Channel Line;Waterbody Connector,,,Authoritative 3DHP topology or a forward-directed same-feature crossing uses a non-watercourse connector class.
WTR-HUC-ROUTE-041000080601,041000080601,041000080602,2,official_3dhp_connector,False,USGS,migrated_nhd,high,REPLACED_AUTHORITATIVE_CONNECTOR,2KNUQ;3X2BG,Channel Line;Waterbody Connector,,,Authoritative 3DHP topology or a forward-directed same-feature crossing uses a non-watercourse connector class.
WTR-HUC-ROUTE-041000080602,041000080602,041000080605,2,official_3dhp_connector,False,USGS,migrated_nhd,high,REPLACED_AUTHORITATIVE_CONNECTOR,3X2BG;DD7QU;E6DIF,Waterbody Connector,,,Authoritative 3DHP topology or a forward-directed same-feature crossing uses a non-watercourse connector class.
WTR-HUC-ROUTE-041000060602,041000060602,041000060604,2,official_3dhp_connector,False,USGS,migrated_nhd,high,REPLACED_AUTHORITATIVE_CONNECTOR,9PXE8;DWNSZ,Channel Line;Waterbody Connector,,,Authoritative 3DHP topology or a forward-directed same-feature crossing uses a non-watercourse connector class.
WTR-HUC-ROUTE-041000070806,041000070806,041000071005,2,official_3dhp_connector,False,USGS,migrated_nhd,high,REPLACED_AUTHORITATIVE_CONNECTOR,BH4YX;G7F76,Waterbody Connector,,,Authoritative 3DHP topology or a forward-directed same-feature crossing uses a non-watercourse connector class.
WTR-HUC-ROUTE-041000070803,041000070803,041000070805,1,physical_3dhp,True,USGS,migrated_nhd,high,REPLACED_PHYSICAL,1RMKG;EZMC4,Channel Line,,,Authoritative 3DHP topology or a forward-directed same-feature HUC crossing provides physical geometry.
WTR-HUC-ROUTE-041000070901,041000070901,041000070903,1,physical_3dhp,True,USGS,migrated_nhd,high,REPLACED_PHYSICAL,7AD2V;8WQ60;H0N6T,Channel Line,,,Authoritative 3DHP topology or a forward-directed same-feature HUC crossing provides physical geometry.
WTR-HUC-ROUTE-041000070902,041000070902,041000070903,1,physical_3dhp,True,USGS,migrated_nhd,high,REPLACED_PHYSICAL,C0KXO;CTR3S,Channel Line,,,Authoritative 3DHP topology or a forward-directed same-feature HUC crossing provides physical geometry.
WTR-HUC-ROUTE-041000070903,041000070903,041000070904,2,official_3dhp_connector,False,USGS,migrated_nhd,high,REPLACED_AUTHORITATIVE_CONNECTOR,4Q4FD;F9CQQ,Waterbody Connector,,,Authoritative 3DHP topology or a forward-directed same-feature crossing uses a non-watercourse connector class.
WTR-HUC-ROUTE-041000071103,041000071103,041000071209,2,official_3dhp_connector,False,USGS,migrated_nhd,high,REPLACED_AUTHORITATIVE_CONNECTOR,1MSAV;1MSEJ,Channel Line;Waterbody Connector,,,Authoritative 3DHP topology or a forward-directed same-feature crossing uses a non-watercourse connector class.
WTR-HUC-ROUTE-041000071102,041000071102,041000071103,1,physical_3dhp,True,USGS,migrated_nhd,high,REPLACED_PHYSICAL,6QWNB;9G6QJ,Channel Line,,,Authoritative 3DHP topology or a forward-directed same-feature HUC crossing provides physical geometry.
WTR-HUC-ROUTE-041000071206,041000071206,041000071209,2,official_3dhp_connector,False,USGS,migrated_nhd,high,REPLACED_AUTHORITATIVE_CONNECTOR,CK0EX;GVQFT,Waterbody Connector,,,Authoritative 3DHP topology or a forward-directed same-feature crossing uses a non-watercourse connector class.
WTR-HUC-ROUTE-041000080603,041000080603,041000080605,2,official_3dhp_connector,False,USGS,migrated_nhd,high,REPLACED_AUTHORITATIVE_CONNECTOR,75HVV;7OYEC,Channel Line;Waterbody Connector,,,Authoritative 3DHP topology or a forward-directed same-feature crossing uses a non-watercourse connector class.
WTR-HUC-ROUTE-041000080604,041000080604,041000080605,2,official_3dhp_connector,False,USGS,migrated_nhd,high,REPLACED_AUTHORITATIVE_CONNECTOR,9PXCP;EB8TB,Waterbody Connector,,,Authoritative 3DHP topology or a forward-directed same-feature crossing uses a non-watercourse connector class.
WTR-HUC-ROUTE-041000080605,041000080605,041000070905,2,official_3dhp_connector,False,USGS,migrated_nhd,high,REPLACED_AUTHORITATIVE_CONNECTOR,5EBPR;8RUL2,Waterbody Connector,,,Authoritative 3DHP topology or a forward-directed same-feature crossing uses a non-watercourse connector class.
WTR-HUC-ROUTE-041000070904,041000070904,041000070905,2,official_3dhp_connector,False,USGS,migrated_nhd,high,REPLACED_AUTHORITATIVE_CONNECTOR,5O19Q;EB8VC,Waterbody Connector,,,Authoritative 3DHP topology or a forward-directed same-feature crossing uses a non-watercourse connector class.
WTR-HUC-ROUTE-041000090102,041000090102,041000090104,1,physical_nhdplus_hr_existing,True,USGS,migrated_nhd,high,ALREADY_REDUNDANT,7OY0O;CK0B4,Channel Line,,,Released NHDPlus HR order >=3 topology already contains this HUC transition.
WTR-HUC-ROUTE-041000080102,041000080102,041000080103,1,physical_3dhp,True,USGS,migrated_nhd,high,REPLACED_PHYSICAL,C5GCH;C5GDP,Channel Line,,,Authoritative 3DHP topology or a forward-directed same-feature HUC crossing provides physical geometry.
WTR-HUC-ROUTE-041000071207,041000071207,041000071209,1,physical_3dhp,True,USGS,migrated_nhd,high,REPLACED_PHYSICAL,298M1;5J6EQ;AXP34;D8CVT;WW1Q,Canal;Waterbody Connector,,,Authoritative 3DHP topology or a forward-directed same-feature HUC crossing provides physical geometry.
WTR-HUC-ROUTE-041000071208,041000071208,041000071209,2,official_3dhp_connector,False,USGS,migrated_nhd,high,REPLACED_AUTHORITATIVE_CONNECTOR,38V1E;4ZSQK,Waterbody Connector,,,Authoritative 3DHP topology or a forward-directed same-feature crossing uses a non-watercourse connector class.
WTR-HUC-ROUTE-041000071209,041000071209,041000090201,2,official_3dhp_connector,False,USGS,migrated_nhd,high,REPLACED_AUTHORITATIVE_CONNECTOR,6M0ZA;FCUFM,Waterbody Connector,,,Authoritative 3DHP topology or a forward-directed same-feature crossing uses a non-watercourse connector class.
WTR-HUC-ROUTE-041000080101,041000080101,041000080102,1,physical_3dhp,True,USGS,migrated_nhd,high,REPLACED_PHYSICAL,1HY98,Channel Line,,,Authoritative 3DHP topology or a forward-directed same-feature HUC crossing provides physical geometry.
WTR-HUC-ROUTE-041000080103,041000080103,041000080105,2,official_3dhp_connector,False,USGS,migrated_nhd,high,REPLACED_AUTHORITATIVE_CONNECTOR,3S87P;9ZMZZ;GQUTU,Waterbody Connector,,,Authoritative 3DHP topology or a forward-directed same-feature crossing uses a non-watercourse connector class.
WTR-HUC-ROUTE-041000080104,041000080104,041000080105,3,project_inference,False,project / USGS WBD tohuc,,low,UNRESOLVED,,,ambiguous_huc_outlet,41000080203.0,"Native 3DHP transitions assigned from 041000080104 lead to 041000080203 rather than WBD target 041000080105, and no forward same-feature crossing confirms the WBD pair. Retain it as an abstract routing relationship pending local outlet review."
WTR-HUC-ROUTE-041000080105,041000080105,041000080203,1,physical_3dhp,True,USGS,migrated_nhd,high,REPLACED_PHYSICAL,18A9D;2PIEN;4UYMH;54MRO,Channel Line;Waterbody Connector,,,Authoritative 3DHP topology or a forward-directed same-feature HUC crossing provides physical geometry.
WTR-HUC-ROUTE-041000080201,041000080201,041000080203,2,official_3dhp_connector,False,USGS,migrated_nhd,high,REPLACED_AUTHORITATIVE_CONNECTOR,5EBP4;9URRK,Waterbody Connector,,,Authoritative 3DHP topology or a forward-directed same-feature crossing uses a non-watercourse connector class.
WTR-HUC-ROUTE-041000080202,041000080202,041000080203,2,official_3dhp_connector,False,USGS,migrated_nhd,high,REPLACED_AUTHORITATIVE_CONNECTOR,7TT9I;9ZN17,Channel Line;Waterbody Connector,,,Authoritative 3DHP topology or a forward-directed same-feature crossing uses a non-watercourse connector class.
WTR-HUC-ROUTE-041000090104,041000090104,041000090106,1,physical_nhdplus_hr_existing,True,USGS,migrated_nhd,high,ALREADY_REDUNDANT,9URMM;BLZQV,Channel Line,,,Released NHDPlus HR order >=3 topology already contains this HUC transition.
WTR-HUC-ROUTE-041000090101,041000090101,041000090102,1,physical_3dhp,True,USGS,migrated_nhd,high,REPLACED_PHYSICAL,EB8T7,Channel Line,,,Authoritative 3DHP topology or a forward-directed same-feature HUC crossing provides physical geometry.
WTR-HUC-ROUTE-041000090103,041000090103,041000090104,1,physical_3dhp,True,USGS,migrated_nhd,high,REPLACED_PHYSICAL,B2JXD;GH4MP,Channel Line,,,Authoritative 3DHP topology or a forward-directed same-feature HUC crossing provides physical geometry.
WTR-HUC-ROUTE-041000090105,041000090105,041000090106,1,physical_nhdplus_hr_existing,True,USGS,migrated_nhd,high,ALREADY_REDUNDANT,2FT2U;6VRTX,Channel Line,,,Released NHDPlus HR order >=3 topology already contains this HUC transition.
WTR-HUC-ROUTE-041000080301,041000080301,041000080302,1,physical_3dhp,True,USGS,migrated_nhd,high,REPLACED_PHYSICAL,8MZ0P;8WQ2N;9URQ7,Channel Line,,,Authoritative 3DHP topology or a forward-directed same-feature HUC crossing provides physical geometry.
WTR-HUC-ROUTE-041000080203,041000080203,041000080205,2,official_3dhp_connector,False,USGS,migrated_nhd,high,REPLACED_AUTHORITATIVE_CONNECTOR,1RMHY;9BC27;9ZN17,Waterbody Connector,,,Authoritative 3DHP topology or a forward-directed same-feature crossing uses a non-watercourse connector class.
WTR-HUC-ROUTE-041000080204,041000080204,041000080205,2,official_3dhp_connector,False,USGS,migrated_nhd,high,REPLACED_AUTHORITATIVE_CONNECTOR,70NDU;DD7RQ,Channel Line;Waterbody Connector,,,Authoritative 3DHP topology or a forward-directed same-feature crossing uses a non-watercourse connector class.
WTR-HUC-ROUTE-041000080205,041000080205,041000080304,2,official_3dhp_connector,False,USGS,migrated_nhd,high,REPLACED_AUTHORITATIVE_CONNECTOR,BVOZX;GH4MT,Waterbody Connector,,,Authoritative 3DHP topology or a forward-directed same-feature crossing uses a non-watercourse connector class.
WTR-HUC-ROUTE-041000080302,041000080302,041000080304,2,official_3dhp_connector,False,USGS,migrated_nhd,high,REPLACED_AUTHORITATIVE_CONNECTOR,BVOZX;C5GCO,Waterbody Connector,,,Authoritative 3DHP topology or a forward-directed same-feature crossing uses a non-watercourse connector class.
WTR-HUC-ROUTE-041000080303,041000080303,041000080304,2,official_3dhp_connector,False,USGS,migrated_nhd,high,REPLACED_AUTHORITATIVE_CONNECTOR,4UYMY;FJ339,Waterbody Connector,,,Authoritative 3DHP topology or a forward-directed same-feature crossing uses a non-watercourse connector class.
WTR-HUC-ROUTE-041000080304,041000080304,041000080506,2,official_3dhp_connector,False,USGS,migrated_nhd,high,REPLACED_AUTHORITATIVE_CONNECTOR,38V25;COVOO,Waterbody Connector,,,Authoritative 3DHP topology or a forward-directed same-feature crossing uses a non-watercourse connector class.
WTR-HUC-ROUTE-041000080401,041000080401,041000080402,3,project_inference,False,project / USGS WBD tohuc,,low,UNRESOLVED,,,complex_divergence,41000080404.0,The source HUC contains 2 native divergent flowline records and observed 3DHP transitions lead to 041000080404 rather than WBD target 041000080402. Retain the WBD relationship as abstract pending outlet-scale review.
WTR-HUC-ROUTE-041000080402,041000080402,041000080404,1,physical_3dhp,True,USGS,migrated_nhd,high,REPLACED_PHYSICAL,46RB4;8D924,Channel Line,,,Authoritative 3DHP topology or a forward-directed same-feature HUC crossing provides physical geometry.
WTR-HUC-ROUTE-041000080403,041000080403,041000080404,2,official_3dhp_connector,False,USGS,migrated_nhd,high,REPLACED_AUTHORITATIVE_CONNECTOR,F8C3,Waterbody Connector,,,Authoritative 3DHP topology or a forward-directed same-feature crossing uses a non-watercourse connector class.
WTR-HUC-ROUTE-041000080404,041000080404,041000080405,2,official_3dhp_connector,False,USGS,migrated_nhd,high,REPLACED_AUTHORITATIVE_CONNECTOR,2UCUQ;EB8RK,Waterbody Connector,,,Authoritative 3DHP topology or a forward-directed same-feature crossing uses a non-watercourse connector class.
WTR-HUC-ROUTE-041000080405,041000080405,041000080506,3,project_inference,False,project / USGS WBD tohuc,,low,UNRESOLVED,,,ambiguous_huc_outlet,41000080602.0,"Native 3DHP transitions assigned from 041000080405 lead to 041000080602 rather than WBD target 041000080506, and no forward same-feature crossing confirms the WBD pair. Retain it as an abstract routing relationship pending local outlet review."
WTR-HUC-ROUTE-041000090106,041000090106,041000090207,1,physical_nhdplus_hr_existing,True,USGS,migrated_nhd,high,ALREADY_REDUNDANT,6H6PE;CAAIO,Channel Line;Waterbody Connector,,,Released NHDPlus HR order >=3 topology already contains this HUC transition.
WTR-HUC-ROUTE-041000090201,041000090201,041000090203,1,physical_nhdplus_hr_existing,True,USGS,migrated_nhd,high,ALREADY_REDUNDANT,189WT;41WSH;BC9TZ;H0N7F,Channel Line;Waterbody Connector,,,Released NHDPlus HR order >=3 topology already contains this HUC transition.
WTR-HUC-ROUTE-041000090202,041000090202,041000090203,1,physical_nhdplus_hr_existing,True,USGS,migrated_nhd,high,ALREADY_REDUNDANT,5O17E;7TTA2,Channel Line;Waterbody Connector,,,Released NHDPlus HR order >=3 topology already contains this HUC transition.
WTR-HUC-ROUTE-041000090203,041000090203,041000090206,1,physical_nhdplus_hr_existing,True,USGS,migrated_nhd,high,ALREADY_REDUNDANT,7TTA2;A9CTF;OWWF,Waterbody Connector,,,Released NHDPlus HR order >=3 topology already contains this HUC transition.
WTR-HUC-ROUTE-041000040405,041000040405,041000040408,1,physical_3dhp,True,USGS,migrated_nhd,high,REPLACED_PHYSICAL,AKXK5;BE3JP;E3CSY;FB6RF,Channel Line;Drainageway;Waterbody Connector,,,Authoritative 3DHP topology or a forward-directed same-feature HUC crossing provides physical geometry.
WTR-HUC-ROUTE-041000040406,041000040406,041000040408,1,physical_3dhp,True,USGS,migrated_nhd,high,REPLACED_PHYSICAL,1A3KM;3P7AI;48K8X;85D22;8A82J;9MVU6;A1GJL;BNT0C;C7ZZ;D5BFF,Canal;Channel Line;Drainageway;Waterbody Connector,,,Authoritative 3DHP topology or a forward-directed same-feature HUC crossing provides physical geometry.
WTR-HUC-ROUTE-041000040504,041000040504,041000040602,1,physical_3dhp,True,USGS,migrated_nhd,high,REPLACED_PHYSICAL,3AP0S;93F5E;BNSZZ;BXIRX;CGZGI;G9843,Channel Line;Drainageway;Waterbody Connector,,,Authoritative 3DHP topology or a forward-directed same-feature HUC crossing provides physical geometry.
WTR-HUC-ROUTE-041000040601,041000040601,041000040604,2,official_3dhp_connector,False,USGS,migrated_nhd,high,REPLACED_AUTHORITATIVE_CONNECTOR,1TG4F;AB7OH,Channel Line;Waterbody Connector,,,Authoritative 3DHP topology or a forward-directed same-feature crossing uses a non-watercourse connector class.
WTR-HUC-ROUTE-041000030504,041000030504,041000030505,1,physical_3dhp,True,USGS,migrated_nhd,high,REPLACED_PHYSICAL,5LB4S;BSZ9D,Channel Line;Drainageway,,,Authoritative 3DHP topology or a forward-directed same-feature HUC crossing provides physical geometry.
WTR-HUC-ROUTE-041000071203,041000071203,041000071205,1,physical_3dhp,True,USGS,migrated_nhd,high,REPLACED_PHYSICAL,15801;3ANPV;72FRH;85CDB;8A6TE;8TNHI;A1FX0;B4CK7;BSN88;DYGFM;E3BET;E862B;GXJPD,Channel Line;Drainageway;Waterbody Connector,,,Authoritative 3DHP topology or a forward-directed same-feature HUC crossing provides physical geometry.
WTR-HUC-ROUTE-041000040502,041000040502,041000040504,1,physical_3dhp,True,USGS,migrated_nhd,high,REPLACED_PHYSICAL,1TFIB;1Y9F0;3P7I9;6J00T;7LWSI;APSVU;AUO9W;DTMR8;FPS71,Canal;Channel Line;Drainageway;Waterbody Connector,,,Authoritative 3DHP topology or a forward-directed same-feature HUC crossing provides physical geometry.
WTR-HUC-ROUTE-041000030301,041000030301,041000030304,2,official_3dhp_connector,False,USGS,migrated_nhd,high,REPLACED_AUTHORITATIVE_CONNECTOR,7F86I;DWNUY,Waterbody Connector,,,Authoritative 3DHP topology or a forward-directed same-feature crossing uses a non-watercourse connector class.
WTR-HUC-ROUTE-041000030305,041000030305,041000030306,2,official_3dhp_connector,False,USGS,migrated_nhd,high,REPLACED_AUTHORITATIVE_CONNECTOR,59HLM;83JNB,Channel Line;Waterbody Connector,,,Authoritative 3DHP topology or a forward-directed same-feature crossing uses a non-watercourse connector class.
WTR-HUC-ROUTE-041000030405,041000030405,041000030406,1,physical_3dhp,True,USGS,migrated_nhd,high,REPLACED_PHYSICAL,56R61;5Q665;9WWOG;BSZ85,Channel Line;Drainageway,,,Authoritative 3DHP topology or a forward-directed same-feature HUC crossing provides physical geometry.
WTR-HUC-ROUTE-041000030406,041000030406,041000030503,2,official_3dhp_connector,False,USGS,migrated_nhd,high,REPLACED_AUTHORITATIVE_CONNECTOR,4IK9D;9N77C,Channel Line;Waterbody Connector,,,Authoritative 3DHP topology or a forward-directed same-feature crossing uses a non-watercourse connector class.
WTR-HUC-ROUTE-041000030502,041000030502,041000030503,2,official_3dhp_connector,False,USGS,migrated_nhd,high,REPLACED_AUTHORITATIVE_CONNECTOR,3PJMA;AL8L0,Channel Line;Waterbody Connector,,,Authoritative 3DHP topology or a forward-directed same-feature crossing uses a non-watercourse connector class.
WTR-HUC-ROUTE-041000040302,041000040302,041000040303,2,official_3dhp_connector,False,USGS,migrated_nhd,high,REPLACED_AUTHORITATIVE_CONNECTOR,EPUY1,Waterbody Connector,,,Authoritative 3DHP topology or a forward-directed same-feature crossing uses a non-watercourse connector class.
WTR-HUC-ROUTE-041000030505,041000030505,041000030506,1,physical_3dhp,True,USGS,migrated_nhd,high,REPLACED_PHYSICAL,4NEJO;72S2J;72S4L;AZU0J;BO4FT,Channel Line;Drainageway;Waterbody Connector,,,Authoritative 3DHP topology or a forward-directed same-feature HUC crossing provides physical geometry.
WTR-HUC-ROUTE-041000030506,041000030506,041000030802,2,official_3dhp_connector,False,USGS,migrated_nhd,high,REPLACED_AUTHORITATIVE_CONNECTOR,4X32M;69MD0;6EHE8;7CI3D;B9JMO,Channel Line;Waterbody Connector,,,Authoritative 3DHP topology or a forward-directed same-feature crossing uses a non-watercourse connector class.
WTR-HUC-ROUTE-041000030802,041000030802,041000030803,1,physical_3dhp,True,USGS,migrated_nhd,high,REPLACED_PHYSICAL,4NERR;69MOL;6T27K;8K9L8;9DGJE;CHB8X;FGDLV;GT15G,Channel Line;Drainageway;Waterbody Connector,,,Authoritative 3DHP topology or a forward-directed same-feature HUC crossing provides physical geometry.
WTR-HUC-ROUTE-041000040304,041000040304,041000040305,2,official_3dhp_connector,False,USGS,migrated_nhd,high,REPLACED_AUTHORITATIVE_CONNECTOR,B7EUP;DMX50,Channel Line;Waterbody Connector,,,Authoritative 3DHP topology or a forward-directed same-feature crossing uses a non-watercourse connector class.
WTR-HUC-ROUTE-041000040305,041000040305,041000040408,2,official_3dhp_connector,False,USGS,migrated_nhd,high,REPLACED_AUTHORITATIVE_CONNECTOR,5BA7F;5BATT;6NVIO;FZIPC,Drainageway;Waterbody Connector,,,Authoritative 3DHP topology or a forward-directed same-feature crossing uses a non-watercourse connector class.
WTR-HUC-ROUTE-041000040401,041000040401,041000040408,1,physical_3dhp,True,USGS,migrated_nhd,high,REPLACED_PHYSICAL,1A3M6;3117Y;5BATT;7CKM;E87F4;FKWHD;FKX7N,Channel Line;Drainageway;Waterbody Connector,,,Authoritative 3DHP topology or a forward-directed same-feature HUC crossing provides physical geometry.
WTR-HUC-ROUTE-041000040407,041000040407,041000040408,1,physical_3dhp,True,USGS,migrated_nhd,high,REPLACED_PHYSICAL,43QG0;8A7GE;9WLZM;AB71C;AZJB4;E87E8;H16A,Channel Line;Drainageway;Waterbody Connector,,,Authoritative 3DHP topology or a forward-directed same-feature HUC crossing provides physical geometry.
WTR-HUC-ROUTE-041000040408,041000040408,041000040502,1,physical_3dhp,True,USGS,migrated_nhd,high,REPLACED_PHYSICAL,64GP2;69B8L;9WL60;CVKIO,Canal;Channel Line;Waterbody Connector,,,Authoritative 3DHP topology or a forward-directed same-feature HUC crossing provides physical geometry.
WTR-HUC-ROUTE-041000050201,041000050201,041000050202,1,physical_3dhp,True,USGS,migrated_nhd,high,REPLACED_PHYSICAL,9I7R1;BXQ3V;CCCR4;FPZH6;G9G0R;GQUXA;OX1X,Canal;Channel Line;Waterbody Connector,,,Authoritative 3DHP topology or a forward-directed same-feature HUC crossing provides physical geometry.
WTR-HUC-ROUTE-041000050202,041000050202,041000050205,2,official_3dhp_connector,False,USGS,migrated_nhd,high,REPLACED_AUTHORITATIVE_CONNECTOR,264MI;GQUXA;GVQE3,Waterbody Connector,,,Authoritative 3DHP topology or a forward-directed same-feature crossing uses a non-watercourse connector class.
WTR-HUC-ROUTE-041000071002,041000071002,041000071003,1,physical_3dhp,True,USGS,migrated_nhd,high,REPLACED_PHYSICAL,3NE2L;K2N3,Channel Line,,,Authoritative 3DHP topology or a forward-directed same-feature HUC crossing provides physical geometry.
WTR-HUC-ROUTE-041000050203,041000050203,041000050205,2,official_3dhp_connector,False,USGS,migrated_nhd,high,REPLACED_AUTHORITATIVE_CONNECTOR,18ABZ;2KNX6,Channel Line;Waterbody Connector,,,Authoritative 3DHP topology or a forward-directed same-feature crossing uses a non-watercourse connector class.
WTR-HUC-ROUTE-041000050204,041000050204,041000050205,2,official_3dhp_connector,False,USGS,migrated_nhd,high,REPLACED_AUTHORITATIVE_CONNECTOR,70NGL;9ZN23,Channel Line;Waterbody Connector,,,Authoritative 3DHP topology or a forward-directed same-feature crossing uses a non-watercourse connector class.
WTR-HUC-ROUTE-041000071201,041000071201,041000071204,1,physical_3dhp,True,USGS,migrated_nhd,high,REPLACED_PHYSICAL,1OKCQ;1TESW;4DDZX;4WQTE;72FQH;85CDV;8A6S5;DOPZP,Channel Line;Drainageway,,,Authoritative 3DHP topology or a forward-directed same-feature HUC crossing provides physical geometry.
WTR-HUC-ROUTE-041000071202,041000071202,041000071203,1,physical_3dhp,True,USGS,migrated_nhd,high,REPLACED_PHYSICAL,10E4W;2CRAZ;2CRE2;3ANRR;3P6L4;5ZK1T;699XC;7BUP;8YIP9;APS02;BIXYI;C2E02;CR9QB;DJVKY;EMSRN;FKVQE;GE2H5,Canal;Channel Line;Drainageway,,,Authoritative 3DHP topology or a forward-directed same-feature HUC crossing provides physical geometry.
WTR-HUC-ROUTE-041000071204,041000071204,041000071205,1,physical_3dhp,True,USGS,migrated_nhd,high,REPLACED_PHYSICAL,10E3B;1JQEF;30ZYA;3ANPU;5B9JX;5G4N6;5KZ57;6E544;6NU7G;80HKS;8OSC1;A1FX0;AKW99;APRXV;AZHZA;BSN67;DA629;E3BJ5;EWJGG;GIX8Q;QP77;VJV5,Canal;Channel Line;Drainageway;Waterbody Connector,,,Authoritative 3DHP topology or a forward-directed same-feature HUC crossing provides physical geometry.
WTR-HUC-ROUTE-041000071205,041000071205,041000071206,1,physical_3dhp,True,USGS,migrated_nhd,high,REPLACED_PHYSICAL,7OYEZ;B2JYR;GVQF1,Channel Line,,,Authoritative 3DHP topology or a forward-directed same-feature HUC crossing provides physical geometry.
WTR-HUC-ROUTE-041000030603,041000030603,041000030604,1,physical_3dhp,True,USGS,migrated_nhd,high,REPLACED_PHYSICAL,3UCZB;441JD;64S2X;6T1TT;6XWTR;77NBV;7CINU;G4Q0N,Canal;Channel Line;Drainageway,,,Authoritative 3DHP topology or a forward-directed same-feature HUC crossing provides physical geometry.
WTR-HUC-ROUTE-041000030604,041000030604,041000030707,2,official_3dhp_connector,False,USGS,migrated_nhd,high,REPLACED_AUTHORITATIVE_CONNECTOR,1AEXF;2D3AI,Channel Line;Waterbody Connector,,,Authoritative 3DHP topology or a forward-directed same-feature crossing uses a non-watercourse connector class.
WTR-HUC-ROUTE-041000030702,041000030702,041000030707,2,official_3dhp_connector,False,USGS,migrated_nhd,high,REPLACED_AUTHORITATIVE_CONNECTOR,23EFN;D0R8E,Channel Line;Waterbody Connector,,,Authoritative 3DHP topology or a forward-directed same-feature crossing uses a non-watercourse connector class.
WTR-HUC-ROUTE-041000030804,041000030804,041000030805,2,official_3dhp_connector,False,USGS,migrated_nhd,high,REPLACED_AUTHORITATIVE_CONNECTOR,2HYZ0;98MA9,Waterbody Connector,,,Authoritative 3DHP topology or a forward-directed same-feature crossing uses a non-watercourse connector class.
WTR-HUC-ROUTE-041000030707,041000030707,041000030805,2,official_3dhp_connector,False,USGS,migrated_nhd,high,REPLACED_AUTHORITATIVE_CONNECTOR,2HYZ0;4IKBH;AGDCI;EDETX,Channel Line;Hydro Unenforced Connector;Waterbody Connector,,,Authoritative 3DHP topology or a forward-directed same-feature crossing uses a non-watercourse connector class.
WTR-HUC-ROUTE-041000030803,041000030803,041000030804,2,official_3dhp_connector,False,USGS,migrated_nhd,high,REPLACED_AUTHORITATIVE_CONNECTOR,15JZA;8U0DL;93QHX;AL8VH;DFD17,Drainageway;Surface Connector;Waterbody Connector,,,Authoritative 3DHP topology or a forward-directed same-feature crossing uses a non-watercourse connector class.
WTR-HUC-ROUTE-041000030701,041000030701,041000030702,1,physical_3dhp,True,USGS,migrated_nhd,high,REPLACED_PHYSICAL,2MS6B;4S8OV;69M2D;CM5C0;DAI93,Channel Line;Drainageway,,,Authoritative 3DHP topology or a forward-directed same-feature HUC crossing provides physical geometry.
